device,framework,accelerator,tier,model_id,acc_top1,acc_top5,s_latency_ms,s_energy_j,memory_mib,ratio_mem,ratio_lat,ratio_flops,ratio_energy,ratio_acc,weights,frm,frm_e,frm_q,frm_eq
a100_sxm,onnx,,gpu,CN,0.822,0.966,2.411537,0.8636134796943515,1769.66015625,1.1330895575770157,1.160632656616828,1.7153846153846153,2.391199216497664,0.9014598540145986,"(1.0, 1.0, 1.0, 1.0, 1.0)",1.3115157528150962,1.523996864341167,1.182278799070543,1.3738219908476945
a100_sxm,onnx,,gpu,DE,0.741,0.916,2.0777780000000003,0.3611633333333334,1561.80078125,1.0,1.0,1.0,1.0,1.0,"(1.0, 1.0, 1.0, 1.0, 1.0)",1.0,1.0,1.0,1.0
a100_sxm,onnx,,gpu,DN,0.733,0.908,5.16707,0.7300801504943519,1196.79296875,0.7662904149606949,2.486824867719265,1.0884615384615384,2.0214680813695147,1.0109140518417463,"(1.0, 1.0, 1.0, 1.0, 1.0)",1.2753142942522468,1.4309670797535823,1.289233140574236,1.4465847286458453
a100_sxm,onnx,,gpu,EN,0.771,0.929,1.911676,0.3599433333333334,1153.109375,0.7383203983782742,0.9200578695125271,0.15,0.9966220269684076,0.961089494163424,"(1.0, 1.0, 1.0, 1.0, 1.0)",0.4670719181401212,0.5645084381661829,0.44889791354322933,0.5425431292881213
a100_sxm,onnx,,gpu,IN,0.769,0.931,3.2518745,0.8661795013044029,2520.4609375,1.6138171831894772,1.5650731213825535,2.196153846153846,2.398304095019989,0.9635890767230169,"(1.0, 1.0, 1.0, 1.0, 1.0)",1.7701792385342148,1.909804860860981,1.705725378093437,1.8402671025981623
a100_sxm,onnx,,gpu,LE,0.741,0.923,2.1691565,0.7000485506206751,1296.25,0.8299714122069626,1.04397895251562,0.11730769230769231,1.9383156760671763,1.0,"(1.0, 1.0, 1.0, 1.0, 1.0)",0.4666885251703288,0.6662335040674726,0.4666885251703288,0.6662335040674726
a100_sxm,onnx,,gpu,MN,0.728,0.906,0.8953960000000001,0.35323,1148.671875,0.735479126909292,0.4309392052471438,0.11923076923076922,0.9780339458601369,1.0178571428571428,"(1.0, 1.0, 1.0, 1.0, 1.0)",0.3355765215626742,0.43846219956704574,0.3415689594477219,0.44629188170217154
a100_sxm,onnx,,gpu,MV2,0.713,0.906,0.897556,0.35812,1179.7734375,0.7553930383846772,0.43197877732847295,0.11923076923076922,0.991573526290044,1.0392706872370268,"(1.0, 1.0, 1.0, 1.0, 1.0)",0.33885032898106054,0.4431871548618183,0.3521572142706394,0.46059141900786454
a100_sxm,onnx,,gpu,MV3,0.677,0.868,0.955765,0.3209733333333333,1148.80859375,0.7355666660830722,0.4599938010701816,0.023076923076923075,0.8887207080822155,1.0945347119645494,"(1.0, 1.0, 1.0, 1.0, 1.0)",0.1983888715619543,0.2886219159427963,0.21714350639203564,0.3159067056331049
a100_sxm,onnx,,gpu,MX,0.663,0.874,1.6530345,0.34514,1782.609375,1.1413807678936323,0.79557801651572,0.2692307692307692,0.9556341082981844,1.1176470588235294,"(1.0, 1.0, 1.0, 1.0, 1.0)",0.6252869125977459,0.6952362601011509,0.698850078785716,0.7770287612895216
a100_sxm,onnx,,gpu,R18,0.695,0.879,0.856217,0.4038666666666667,1150.03515625,0.7363520175278437,0.41208300405529363,0.6961538461538461,1.1182382855402448,1.0661870503597124,"(1.0, 1.0, 1.0, 1.0, 1.0)",0.5955594729998579,0.6971519428730314,0.6349777978315033,0.74329437362434
a100_sxm,onnx,,gpu,R50,0.756,0.921,1.708434,0.47679,1149.4609375,0.7359843529979666,0.8222408746266443,1.573076923076923,1.3201506243712446,0.9801587301587301,"(1.0, 1.0, 1.0, 1.0, 1.0)",0.9837223408669907,1.0587910762025192,0.9642040404529632,1.0377833167540564
a100_sxm,onnx,,gpu,SN,0.595,0.804,0.7267684999999999,0.2891966666666667,1232.6015625,0.7892181751333722,0.34978159360624655,0.1346153846153846,0.8007365088741013,1.2453781512605042,"(1.0, 1.0, 1.0, 1.0, 1.0)",0.33370514984515987,0.4153312309329139,0.4155891025802747,0.5172444405399819
a100_sxm,torch,,gpu,CN,0.822,0.966,4.502685740590096,0.9048871272755786,2664.17578125,0.9459670506778217,1.0397782682448837,1.7153846153846153,1.5125607814925308,0.9014598540145986,"(1.0, 1.0, 1.0, 1.0, 1.0)",1.1904909150492107,1.263929275002943,1.0731797664859675,1.1393814997289304
a100_sxm,torch,,gpu,DE,0.741,0.916,4.330428782850504,0.5982484395653009,2816.3515625,1.0,1.0,1.0,1.0,1.0,"(1.0, 1.0, 1.0, 1.0, 1.0)",1.0,1.0,1.0,1.0
a100_sxm,torch,,gpu,DN,0.733,0.908,12.666421476751566,1.4198281576676526,2945.546875,1.0458732901887138,2.9249808995620743,1.0884615384615384,2.3733085851411957,1.0109140518417463,"(1.0, 1.0, 1.0, 1.0, 1.0)",1.493270198907882,1.6766497598162606,1.5095678272724975,1.6949488022153467
a100_sxm,torch,,gpu,EN,0.771,0.929,6.686707958579063,0.8353428572807461,3017.76171875,1.0715145647765698,1.5441214470631563,0.15,1.3963143103017914,0.961089494163424,"(1.0, 1.0, 1.0, 1.0, 1.0)",0.6284300314454367,0.7672528237431466,0.6039775010389995,0.7373986282667595
a100_sxm,torch,,gpu,IN,0.77,0.931,9.478035382926464,1.2357899537496269,4465.75390625,1.5856521485854094,2.1887059822947945,2.196153846153846,2.0656801957520794,0.9623376623376623,"(1.0, 1.0, 1.0, 1.0, 1.0)",1.9679740548441527,1.991958553499015,1.8938555514798923,1.9169367378477533
a100_sxm,torch,,gpu,LE,0.741,0.924,7.932648994028568,0.8281442815179472,3117.84765625,1.1070520093316651,1.8318391530750227,0.11730769230769231,1.3842815572067235,1.0,"(1.0, 1.0, 1.0, 1.0, 1.0)",0.6196226494023395,0.7575330261099609,0.6196226494023395,0.7575330261099609
a100_sxm,torch,,gpu,MN,0.729,0.907,4.286609124392271,0.5555429523997009,3215.21484375,1.141624109206004,0.9898809885451139,0.11923076923076922,0.9286157984856079,1.0164609053497942,"(1.0, 1.0, 1.0, 1.0, 1.0)",0.5126624244182159,0.5947475097019126,0.5211013120629601,0.6045375921661416
a100_sxm,torch,,gpu,MV2,0.713,0.905,4.482550546526909,0.5542235092353076,3132.06640625,1.1121006510528637,1.0351285683946223,0.11923076923076922,0.9264102880703162,1.0392706872370268,"(1.0, 1.0, 1.0, 1.0, 1.0)",0.5158327500442644,0.5971487482387715,0.5360898566378681,0.6205991899648383
a100_sxm,torch,,gpu,MV3,0.673,0.868,4.38033789396286,0.5362579612135887,3114.94921875,1.1060228631346518,1.0115252123092309,0.023076923076923075,0.8963800417151848,1.101040118870728,"(1.0, 1.0, 1.0, 1.0, 1.0)",0.2955558589551087,0.3900342311381013,0.325418858076873,0.42944333621594805
a100_sxm,torch,,gpu,MX,0.663,0.875,6.989738438278437,0.8258203199626879,2543.6640625,0.903177038111697,1.6140984620182213,0.2692307692307692,1.3803969477341975,1.1176470588235294,"(1.0, 1.0, 1.0, 1.0, 1.0)",0.7321653993861498,0.8579419397686306,0.8183025051962851,0.9588762856237637
a100_sxm,torch,,gpu,R18,0.695,0.879,2.356584183871746,0.598853896137327,3131.76953125,1.1119952398520914,0.5441918807681038,0.6961538461538461,1.0010120487275587,1.0661870503597124,"(1.0, 1.0, 1.0, 1.0, 1.0)",0.749641125987404,0.805841964113606,0.7992576609448437,0.8591782667743628
a100_sxm,torch,,gpu,R50,0.8,0.961,5.2375951781868935,0.6389238038398326,3141.09375,1.1153059837500312,1.209486506031222,1.573076923076923,1.0679907569906697,0.9262499999999999,"(1.0, 1.0, 1.0, 1.0, 1.0)",1.2850351480119884,1.2269535695473275,1.1902638058461041,1.136465743793212
a100_sxm,torch,,gpu,SN,0.595,0.804,2.0998981781303883,0.549157184837386,3262.86328125,1.1585426069299543,0.48491691779956503,0.1346153846153846,0.917941691977357,1.2453781512605042,"(1.0, 1.0, 1.0, 1.0, 1.0)",0.4228873371036671,0.513301205878181,0.5266546500736425,0.6392541068163564
cpu_gp_v3,torch,,cpu,CN,0.822,0.966,90.0717070326209,0.0,2112.875,1.0288455502909282,3.3344571533048373,1.7153846153846153,,0.9014598540145986,"(1.0, 1.0, 1.0, 1.0, 1.0)",1.8054228935454133,,1.6275162580500624,
cpu_gp_v3,torch,,cpu,DE,0.741,0.916,27.01240498572588,0.0,2053.63671875,1.0,1.0,1.0,,1.0,"(1.0, 1.0, 1.0, 1.0, 1.0)",1.0,,1.0,
cpu_gp_v3,torch,,cpu,DN,0.733,0.909,65.6684460118413,0.0,2058.1484375,1.0021969410211686,2.431047737013508,1.0884615384615384,,1.0109140518417463,"(1.0, 1.0, 1.0, 1.0, 1.0)",1.3841608108756034,,1.3992676137228133,
cpu_gp_v3,torch,,cpu,EN,0.771,0.929,20.764589309692383,0.0,2059.67578125,1.002940667375521,0.7687056861714083,0.15,,0.961089494163424,"(1.0, 1.0, 1.0, 1.0, 1.0)",0.48720177818856064,,0.46824451055476446,
cpu_gp_v3,torch,,cpu,IN,0.769,0.931,117.64211859554052,0.0,2989.57421875,1.4557463798025987,4.35511457264564,2.196153846153846,,0.9635890767230169,"(1.0, 1.0, 1.0, 1.0, 1.0)",2.405743685749543,,2.3181483369836298,
cpu_gp_v3,torch,,cpu,LE,0.741,0.923,13.935184106230736,0.0,2061.69140625,1.0039221579096533,0.5158809115143388,0.11730769230769231,,1.0,"(1.0, 1.0, 1.0, 1.0, 1.0)",0.3931201726781269,,0.3931201726781269,
cpu_gp_v3,torch,,cpu,MN,0.729,0.906,14.531652443110945,0.0,2062.0625,1.0041028586862863,0.5379621862914421,0.11923076923076922,,1.0164609053497942,"(1.0, 1.0, 1.0, 1.0, 1.0)",0.40084158101818923,,0.4074397963435915,
cpu_gp_v3,torch,,cpu,MV2,0.713,0.906,14.80556558817625,0.0,2062.28125,1.0042093770388278,0.548102458703693,0.11923076923076922,,1.0392706872370268,"(1.0, 1.0, 1.0, 1.0, 1.0)",0.4033587255751905,,0.4191988999315795,
cpu_gp_v3,torch,,cpu,MV3,0.674,0.868,7.254649884998798,0.0,2062.25390625,1.00419606224476,0.2685673448488708,0.023076923076923075,,1.0994065281899108,"(1.0, 1.0, 1.0, 1.0, 1.0)",0.18394297546087934,,0.20222810803636732,
cpu_gp_v3,torch,,cpu,MX,0.663,0.875,17.423062585294247,0.0,1490.3046875,0.7256905147309175,0.6450022719006725,0.2692307692307692,,1.1176470588235294,"(1.0, 1.0, 1.0, 1.0, 1.0)",0.5013555123586914,,0.5603385138126551,
cpu_gp_v3,torch,,cpu,R18,0.695,0.879,33.24556443840265,0.0,2065.84765625,1.005946006607942,1.2307517400235393,0.6961538461538461,,1.0661870503597124,"(1.0, 1.0, 1.0, 1.0, 1.0)",0.9516635862060877,,1.0146513919118145,
cpu_gp_v3,torch,,cpu,R50,0.8,0.961,73.62949475646019,0.0,2064.30078125,1.0051927696863985,2.725765987714463,1.573076923076923,,0.9262499999999999,"(1.0, 1.0, 1.0, 1.0, 1.0)",1.627406181940702,,1.507384976022575,
cpu_gp_v3,torch,,cpu,SN,0.595,0.804,15.650875866413116,0.0,2064.4375,1.005259343656737,0.5793958692194746,0.1346153846153846,,1.2453781512605042,"(1.0, 1.0, 1.0, 1.0, 1.0)",0.42800555250894107,,0.5330287637128157,
cpu_gp_v5,onnx,,cpu,CN,0.822,0.966,1420.317004,0.0,1881.0546875,1.6333972152027543,3.6848892645593523,1.7153846153846153,,0.9014598540145986,"(1.0, 1.0, 1.0, 1.0, 1.0)",2.177505468195612,,1.9629337614756066,
cpu_gp_v5,onnx,,cpu,DE,0.741,0.916,385.4436055,0.0,1151.62109375,1.0,1.0,1.0,,1.0,"(1.0, 1.0, 1.0, 1.0, 1.0)",1.0,,1.0,
cpu_gp_v5,onnx,,cpu,DN,0.733,0.909,763.1267895000001,0.0,1148.5,0.9972898258229738,1.9798662595791854,1.0884615384615384,,1.0109140518417463,"(1.0, 1.0, 1.0, 1.0, 1.0)",1.2904963390752786,,1.30458088302153,
cpu_gp_v5,onnx,,cpu,EN,0.771,0.929,157.946686,0.0,1148.546875,0.9973305293149941,0.4097789760842199,0.15,,0.961089494163424,"(1.0, 1.0, 1.0, 1.0, 1.0)",0.3942999135131578,,0.3789575044270427,
cpu_gp_v5,onnx,,cpu,IN,0.769,0.931,1284.9788605,0.0,2413.48828125,2.0957312212743586,3.3337661908623883,2.196153846153846,,0.9635890767230169,"(1.0, 1.0, 1.0, 1.0, 1.0)",2.4849128420254623,,2.394434871184483,
cpu_gp_v5,onnx,,cpu,LE,0.741,0.923,76.6059525,0.0,1148.90234375,0.9976391974628157,0.19874749874401537,0.11730769230769231,,1.0,"(1.0, 1.0, 1.0, 1.0, 1.0)",0.28545252512333663,,0.28545252512333663,
cpu_gp_v5,onnx,,cpu,MN,0.729,0.906,70.43904599999999,0.0,1148.67578125,0.9974424639180502,0.18274799476469714,0.11923076923076922,,1.0164609053497942,"(1.0, 1.0, 1.0, 1.0, 1.0)",0.27906772150049636,,0.28366142885029877,
cpu_gp_v5,onnx,,cpu,MV2,0.713,0.906,67.0321055,0.0,1148.75,0.9975069111137493,0.1739089831651131,0.11923076923076922,,1.0392706872370268,"(1.0, 1.0, 1.0, 1.0, 1.0)",0.27449983748484763,,0.28527963474932977,
cpu_gp_v5,onnx,,cpu,MV3,0.674,0.868,1.5966375,0.0,1148.5625,0.9973440971456676,0.0041423374968922655,0.023076923076923075,,1.0994065281899108,"(1.0, 1.0, 1.0, 1.0, 1.0)",0.045683159724700426,,0.05022436402967806,
cpu_gp_v5,onnx,,cpu,MX,0.663,0.875,93.3262915,0.0,1852.5234375,1.6086223563929922,0.24212696790996574,0.2692307692307692,,1.1176470588235294,"(1.0, 1.0, 1.0, 1.0, 1.0)",0.47156400977292057,,0.5270421285697348,
cpu_gp_v5,onnx,,cpu,R18,0.695,0.879,419.173794,0.0,1250.53125,1.0858877601207537,1.0875100482111903,0.6961538461538461,,1.0661870503597124,"(1.0, 1.0, 1.0, 1.0, 1.0)",0.9367876307464814,,0.9987908408390545,
cpu_gp_v5,onnx,,cpu,R50,0.756,0.921,996.301816,0.0,1149.2734375,0.9979614334413106,2.5848186395713864,1.573076923076923,,0.9801587301587301,"(1.0, 1.0, 1.0, 1.0, 1.0)",1.595014363453892,,1.5633672530679021,
cpu_gp_v5,onnx,,cpu,SN,0.595,0.804,69.11326500000001,0.0,1148.76953125,0.9975238709020912,0.17930837096219518,0.1346153846153846,,1.2453781512605042,"(1.0, 1.0, 1.0, 1.0, 1.0)",0.28876165318236985,,0.35961745379518667,
cpu_gp_v5,torch,,cpu,CN,0.822,0.966,57.95091018080712,0.0,2095.2109375,1.0289911790999535,3.3408228721073314,1.7153846153846153,,0.9014598540145986,"(1.0, 1.0, 1.0, 1.0, 1.0)",1.8066562908323236,,1.6286281161882625,
cpu_gp_v5,torch,,cpu,DE,0.741,0.916,17.346298322081566,0.0,2036.1796875,1.0,1.0,1.0,,1.0,"(1.0, 1.0, 1.0, 1.0, 1.0)",1.0,,1.0,
cpu_gp_v5,torch,,cpu,DN,0.733,0.909,43.59988681972027,0.0,2039.99609375,1.0018742973782857,2.5134980391878936,1.0884615384615384,,1.0109140518417463,"(1.0, 1.0, 1.0, 1.0, 1.0)",1.3994851391710337,,1.4147591925316998,
cpu_gp_v5,torch,,cpu,EN,0.771,0.929,14.392120763659475,0.0,2041.76953125,1.0027452605407645,0.8296940647756836,0.15,,0.961089494163424,"(1.0, 1.0, 1.0, 1.0, 1.0)",0.49972754312532697,,0.4802828916418512,
cpu_gp_v5,torch,,cpu,IN,0.769,0.931,76.66562311351299,0.0,2962.9296875,1.4551415602902187,4.419710862225796,2.196153846153846,,0.9635890767230169,"(1.0, 1.0, 1.0, 1.0, 1.0)",2.417244725442455,,2.329230613202678,
cpu_gp_v5,torch,,cpu,LE,0.741,0.923,9.409915655851364,0.0,2044.765625,1.0042166894958773,0.5424739896161412,0.11730769230769231,,1.0,"(1.0, 1.0, 1.0, 1.0, 1.0)",0.3998013736343874,,0.3998013736343874,
cpu_gp_v5,torch,,cpu,MN,0.729,0.906,11.79998368024826,0.0,2045.11328125,1.0043874289704602,0.6802594686860116,0.11923076923076922,,1.0164609053497942,"(1.0, 1.0, 1.0, 1.0, 1.0)",0.4334989700085546,,0.44063475552309866,
cpu_gp_v5,torch,,cpu,MV2,0.713,0.906,10.475138202309608,0.0,2045.1953125,1.0044277158127775,0.6038832036559018,0.11923076923076922,,1.0392706872370268,"(1.0, 1.0, 1.0, 1.0, 1.0)",0.4166326759243962,,0.4329941274333487,
cpu_gp_v5,torch,,cpu,MV3,0.674,0.868,4.273407161235809,0.0,2045.74609375,1.004698213182622,0.24635844961779707,0.023076923076923075,,1.0994065281899108,"(1.0, 1.0, 1.0, 1.0, 1.0)",0.1787558779997604,,0.19652537922525584,
cpu_gp_v5,torch,,cpu,MX,0.663,0.875,12.00665533542633,0.0,1472.359375,0.7230989406478892,0.6921739216338766,0.2692307692307692,,1.1176470588235294,"(1.0, 1.0, 1.0, 1.0, 1.0)",0.5126794188734878,,0.5729946446233098,
cpu_gp_v5,torch,,cpu,R18,0.695,0.879,20.730284973979,0.0,2046.98046875,1.0053044342384443,1.1950840801342424,0.6961538461538461,,1.0661870503597124,"(1.0, 1.0, 1.0, 1.0, 1.0)",0.9421797418287867,,1.0045398398491094,
cpu_gp_v5,torch,,cpu,R50,0.8,0.961,46.526167541742325,0.0,2047.55859375,1.0055883605557283,2.682195744467005,1.573076923076923,,0.9262499999999999,"(1.0, 1.0, 1.0, 1.0, 1.0)",1.618900742828265,,1.4995068130446803,
cpu_gp_v5,torch,,cpu,SN,0.595,0.804,10.534761473536491,0.0,2047.8828125,1.0057475895039347,0.6073204367830977,0.1346153846153846,,1.2453781512605042,"(1.0, 1.0, 1.0, 1.0, 1.0)",0.43484438259645675,,0.5415456932839907,
cpu_mem_v3,torch,,cpu,CN,0.822,0.966,52.32309456914663,0.0,2115.3515625,1.0286114799218185,3.210421775794864,1.7153846153846153,,0.9014598540145986,"(1.0, 1.0, 1.0, 1.0, 1.0)",1.7826181473891707,,1.606958694909216,
cpu_mem_v3,torch,,cpu,DE,0.741,0.916,16.29788801074028,0.0,2056.51171875,1.0,1.0,1.0,,1.0,"(1.0, 1.0, 1.0, 1.0, 1.0)",1.0,,1.0,
cpu_mem_v3,torch,,cpu,DN,0.733,0.909,42.64597687870264,0.0,2060.81640625,1.0020931986240353,2.6166566398418625,1.0884615384615384,,1.0109140518417463,"(1.0, 1.0, 1.0, 1.0, 1.0)",1.4184781377617293,,1.4339594816936445,
cpu_mem_v3,torch,,cpu,EN,0.771,0.929,13.531775679439306,0.0,2061.87890625,1.0026098501900405,0.830277866096631,0.15,,0.961089494163424,"(1.0, 1.0, 1.0, 1.0, 1.0)",0.49982222352052136,,0.4803738879749757,
cpu_mem_v3,torch,,cpu,IN,0.769,0.931,76.0297616943717,0.0,2991.69140625,1.4547407529816683,4.665007002396152,2.196153846153846,,0.9635890767230169,"(1.0, 1.0, 1.0, 1.0, 1.0)",2.460935447064953,,2.371330515312263,
cpu_mem_v3,torch,,cpu,LE,0.741,0.923,9.270232170820236,0.0,2065.1875,1.004218687970946,0.5687995993536812,0.11730769230769231,,1.0,"(1.0, 1.0, 1.0, 1.0, 1.0)",0.4061670519488768,,0.4061670519488768,
cpu_mem_v3,torch,,cpu,MN,0.729,0.906,10.602431371808052,0.0,2078.4296875,1.0106578380031417,0.6505402028054842,0.11923076923076922,,1.0164609053497942,"(1.0, 1.0, 1.0, 1.0, 1.0)",0.4279787556415176,,0.4350236734298553,
cpu_mem_v3,torch,,cpu,MV2,0.713,0.906,9.834856260567904,0.0,2066.30078125,1.0047600324426793,0.6034436028819654,0.11923076923076922,,1.0392706872370268,"(1.0, 1.0, 1.0, 1.0, 1.0)",0.4165774862062469,,0.43293677037703926,
cpu_mem_v3,torch,,cpu,MV3,0.674,0.868,4.345671273767948,0.0,2066.39453125,1.0048056193455621,0.26664014815319376,0.023076923076923075,,1.0994065281899108,"(1.0, 1.0, 1.0, 1.0, 1.0)",0.18353905861665573,,0.201784039220982,
cpu_mem_v3,torch,,cpu,MX,0.663,0.875,10.583252646028996,0.0,1501.71484375,0.7302243065567262,0.6493634413891327,0.2692307692307692,,1.1176470588235294,"(1.0, 1.0, 1.0, 1.0, 1.0)",0.5035272017923572,,0.5627656961208698,
cpu_mem_v3,torch,,cpu,R18,0.695,0.879,20.89799428358674,0.0,2068.234375,1.005700262314637,1.28225168008364,0.6961538461538461,,1.0661870503597124,"(1.0, 1.0, 1.0, 1.0, 1.0)",0.964677958629246,,1.0285271472579445,
cpu_mem_v3,torch,,cpu,R50,0.8,0.961,46.12710140645504,0.0,2068.14453125,1.0056565748660409,2.8302502370894533,1.573076923076923,,0.9262499999999999,"(1.0, 1.0, 1.0, 1.0, 1.0)",1.64819337548776,,1.5266391140455375,
cpu_mem_v3,torch,,cpu,SN,0.595,0.804,10.22091507911682,0.0,2068.609375,1.0058826099261682,0.6271312621844778,0.1346153846153846,,1.2453781512605042,"(1.0, 1.0, 1.0, 1.0, 1.0)",0.43954176624776803,,0.547395712251422,
cpu_mem_v5,onnx,,cpu,CN,0.822,0.966,795.324878,0.0,1722.98046875,1.449148087550185,3.6490209120117862,1.7153846153846153,,0.9014598540145986,"(1.0, 1.0, 1.0, 1.0, 1.0)",2.0855320914414746,,1.880023454693592,
cpu_mem_v5,onnx,,cpu,DE,0.741,0.916,217.955692,0.0,1188.9609375,1.0,1.0,1.0,,1.0,"(1.0, 1.0, 1.0, 1.0, 1.0)",1.0,,1.0,
cpu_mem_v5,onnx,,cpu,DN,0.733,0.909,418.937762,0.0,1185.9765625,0.9974899301517213,1.922123520407992,1.0884615384615384,,1.0109140518417463,"(1.0, 1.0, 1.0, 1.0, 1.0)",1.2779120546833413,,1.2918592530973478,
cpu_mem_v5,onnx,,cpu,EN,0.771,0.929,92.6872575,0.0,1148.87109375,0.9662816140669045,0.42525733854200054,0.15,,0.961089494163424,"(1.0, 1.0, 1.0, 1.0, 1.0)",0.3950168280434703,,0.37964652345033917,
cpu_mem_v5,onnx,,cpu,IN,0.769,0.931,794.9316435000001,0.0,2488.08203125,2.092652460459829,3.6472167173317045,2.196153846153846,,0.9635890767230169,"(1.0, 1.0, 1.0, 1.0, 1.0)",2.5592172015983943,,2.4660337404218597,
cpu_mem_v5,onnx,,cpu,LE,0.741,0.923,41.156141000000005,0.0,1149.02734375,0.966413031336448,0.1888280164759359,0.11730769230769231,,1.0,"(1.0, 1.0, 1.0, 1.0, 1.0)",0.2776633548301928,,0.2776633548301928,
cpu_mem_v5,onnx,,cpu,MN,0.729,0.906,49.101959,0.0,1220.5625,1.0265791427651507,0.2252841325199252,0.11923076923076922,,1.0164609053497942,"(1.0, 1.0, 1.0, 1.0, 1.0)",0.30211372945940856,,0.3070867949649132,
cpu_mem_v5,onnx,,cpu,MV2,0.713,0.906,49.669963,0.0,1148.65234375,0.9660976298895437,0.22789018512992082,0.11923076923076922,,1.0392706872370268,"(1.0, 1.0, 1.0, 1.0, 1.0)",0.29719739237115866,,0.30886853821462634,
cpu_mem_v5,onnx,,cpu,MV3,0.674,0.868,1.3839005,0.0,1096.16015625,0.9219479981864417,0.006349457943956793,0.023076923076923075,,1.0994065281899108,"(1.0, 1.0, 1.0, 1.0, 1.0)",0.051310588175105365,,0.05641119560497488,
cpu_mem_v5,onnx,,cpu,MX,0.663,0.875,47.540671,0.0,1747.82421875,1.470043433407584,0.2181208050304096,0.2692307692307692,,1.1176470588235294,"(1.0, 1.0, 1.0, 1.0, 1.0)",0.44196103654069707,,0.4939564526043085,
cpu_mem_v5,onnx,,cpu,R18,0.695,0.879,244.1311575,0.0,1176.26171875,0.989319061417861,1.1200953517653487,0.6961538461538461,,1.0661870503597124,"(1.0, 1.0, 1.0, 1.0, 1.0)",0.9171327448551357,,0.9778350560254039,
cpu_mem_v5,onnx,,cpu,R50,0.756,0.921,598.351991,0.0,1211.171875,1.018680964865593,2.7452918779473765,1.573076923076923,,0.9801587301587301,"(1.0, 1.0, 1.0, 1.0, 1.0)",1.6385469580935372,,1.6060361057504113,
cpu_mem_v5,onnx,,cpu,SN,0.595,0.804,51.044064500000005,0.0,1169.02734375,0.9832344418380019,0.23419468439484484,0.1346153846153846,,1.2453781512605042,"(1.0, 1.0, 1.0, 1.0, 1.0)",0.31413013744064044,,0.3912108098210329,
cpu_mem_v5,torch,,cpu,CN,0.822,0.966,42.999180033802986,0.0,2118.8125,1.0285341545182871,3.3408813439816982,1.7153846153846153,,0.9014598540145986,"(1.0, 1.0, 1.0, 1.0, 1.0)",1.8063993153957658,,1.628396463148738,
cpu_mem_v5,torch,,cpu,DE,0.741,0.916,12.870609760284424,0.0,2060.03125,1.0,1.0,1.0,,1.0,"(1.0, 1.0, 1.0, 1.0, 1.0)",1.0,,1.0,
cpu_mem_v5,torch,,cpu,DN,0.733,0.909,33.874666318297386,0.0,2064.0078125,1.0019303408625475,2.6319395078566035,1.0884615384615384,,1.0109140518417463,"(1.0, 1.0, 1.0, 1.0, 1.0)",1.421157374655888,,1.4366679599181627,
cpu_mem_v5,torch,,cpu,EN,0.771,0.929,10.757381096482275,0.0,2065.25390625,1.002535231565055,0.8358097476995178,0.15,,0.961089494163424,"(1.0, 1.0, 1.0, 1.0, 1.0)",0.5009173928753621,,0.4814264437362429,
cpu_mem_v5,torch,,cpu,IN,0.769,0.931,61.54757924377918,0.0,2995.84375,1.454271021374069,4.782025124691455,2.196153846153846,,0.9635890767230169,"(1.0, 1.0, 1.0, 1.0, 1.0)",2.481075544608212,,2.3907372933090834,
cpu_mem_v5,torch,,cpu,LE,0.741,0.923,7.552362978458403,0.0,2068.07421875,1.0039042945343668,0.5867913889956605,0.11730769230769231,,1.0,"(1.0, 1.0, 1.0, 1.0, 1.0)",0.4103623534361878,,0.4103623534361878,
cpu_mem_v5,torch,,cpu,MN,0.729,0.906,8.46841000020504,0.0,2068.2109375,1.003970661852824,0.6579649416717223,0.11923076923076922,,1.0164609053497942,"(1.0, 1.0, 1.0, 1.0, 1.0)",0.4286511967084234,,0.43570718348551674,
cpu_mem_v5,torch,,cpu,MV2,0.713,0.906,8.080113679170609,0.0,2068.55078125,1.0041356320444168,0.6277957167269477,0.11923076923076922,,1.0392706872370268,"(1.0, 1.0, 1.0, 1.0, 1.0)",0.4220199912974705,,0.4385930063834862,
cpu_mem_v5,torch,,cpu,MV3,0.674,0.868,3.1475741416215897,0.0,2069.05078125,1.0043783468090592,0.244555168732894,0.023076923076923075,,1.0994065281899108,"(1.0, 1.0, 1.0, 1.0, 1.0)",0.1782997345564159,,0.19602389214585186,
cpu_mem_v5,torch,,cpu,MX,0.663,0.875,8.03724117577076,0.0,1495.80859375,0.7261096615646001,0.6244646777009535,0.2692307692307692,,1.1176470588235294,"(1.0, 1.0, 1.0, 1.0, 1.0)",0.4960722442359412,,0.5544336847342872,
cpu_mem_v5,torch,,cpu,R18,0.695,0.879,17.854340374469757,0.0,2071.05859375,1.005352998285827,1.3872179101851037,0.6961538461538461,,1.0661870503597124,"(1.0, 1.0, 1.0, 1.0, 1.0)",0.9901997915048492,,1.0557381949713573,
cpu_mem_v5,torch,,cpu,R50,0.8,0.961,39.00131955742836,0.0,2071.0703125,1.0053586869131232,3.0302619909879454,1.573076923076923,,0.9262499999999999,"(1.0, 1.0, 1.0, 1.0, 1.0)",1.6859721295161614,,1.5616316849643443,
cpu_mem_v5,torch,,cpu,SN,0.595,0.804,7.981238886713982,0.0,2086.89453125,1.0130402299722394,0.620113501641713,0.1346153846153846,,1.2453781512605042,"(1.0, 1.0, 1.0, 1.0, 1.0)",0.43893228447335003,,0.5466366769659704,
h100_sxm,onnx,,gpu,CN,0.822,0.966,1.796296,0.6725733333333334,1800.50390625,1.1675621043672535,1.1330138373951535,1.7153846153846153,1.2308799755985966,0.9014598540145986,"(1.0, 1.0, 1.0, 1.0, 1.0)",1.3140913959570346,1.2927754775180877,1.1846006379612686,1.1653851932371084
h100_sxm,onnx,,gpu,DE,0.741,0.916,1.585414,0.5464166666666668,1542.10546875,1.0,1.0,1.0,1.0,1.0,"(1.0, 1.0, 1.0, 1.0, 1.0)",1.0,1.0,1.0,1.0
h100_sxm,onnx,,gpu,DN,0.733,0.908,3.6312765,1.1171133363991976,1166.9921875,0.7567525121650341,2.290427926081137,1.0884615384615384,2.044434960620767,1.0109140518417463,"(1.0, 1.0, 1.0, 1.0, 1.0)",1.2356473146758333,1.4014068049469497,1.24913323352632,1.4167018314675168
h100_sxm,onnx,,gpu,EN,0.771,0.929,1.393537,0.5437666666666667,1199.22265625,0.7776528133462013,0.8789735677873413,0.15,0.9951502211377153,0.961089494163424,"(1.0, 1.0, 1.0, 1.0, 1.0)",0.4680414045492981,0.565178153793187,0.4498296767458234,0.543186785941312
h100_sxm,onnx,,gpu,IN,0.769,0.931,2.5527415,1.2523440143987536,2527.5,1.638992955552347,1.6101418935369562,2.196153846153846,2.2919213318262988,0.9635890767230169,"(1.0, 1.0, 1.0, 1.0, 1.0)",1.7962550372240902,1.9090879040635187,1.7308517328778295,1.8395762508596454
h100_sxm,onnx,,gpu,LE,0.741,0.923,1.8417965,0.5457333333333334,1282.91796875,0.8319262169466968,1.161713281199737,0.11730769230769231,0.9987494280921152,1.0,"(1.0, 1.0, 1.0, 1.0, 1.0)",0.4839904052426402,0.5800850861821826,0.4839904052426402,0.5800850861821826
h100_sxm,onnx,,gpu,MN,0.728,0.907,0.9076975,0.5321,1148.453125,0.7447305961056693,0.5725302665423668,0.11923076923076922,0.9737989934421227,1.0178571428571428,"(1.0, 1.0, 1.0, 1.0, 1.0)",0.3704492025742424,0.47169777591247986,0.37706436690592526,0.48012095048234554
h100_sxm,onnx,,gpu,MV2,0.713,0.906,0.911078,0.5360566666666667,1250.12109375,0.8106586216592068,0.5746625171721708,0.11923076923076922,0.9810401098063138,1.0392706872370268,"(1.0, 1.0, 1.0, 1.0, 1.0)",0.38154556304504944,0.4831494579437731,0.39652911951806685,0.502123069195422
h100_sxm,onnx,,gpu,MV3,0.676,0.868,0.96112,0.5000800000000001,1148.4453125,0.7447255299800648,0.6062265124440682,0.023076923076923075,0.9151990239438768,1.096153846153846,"(1.0, 1.0, 1.0, 1.0, 1.0)",0.21840857739794992,0.31248642436701973,0.23940940214775278,0.3425331959407716
h100_sxm,onnx,,gpu,MX,0.662,0.875,1.821597,0.5230400000000001,1816.08984375,1.1776690249481356,1.148972445052207,0.2692307692307692,0.9572182400488027,1.119335347432024,"(1.0, 1.0, 1.0, 1.0, 1.0)",0.714198914800282,0.7684526823487385,0.7994280904335481,0.860156250181896
h100_sxm,onnx,,gpu,R18,0.695,0.879,0.8112665,0.5792733333333334,1151.27734375,0.7465620005116786,0.5117064060239155,0.6961538461538461,1.0601311575415586,1.0661870503597124,"(1.0, 1.0, 1.0, 1.0, 1.0)",0.6430784957627642,0.7286817457127889,0.6856419645470624,0.7769110411124843
h100_sxm,onnx,,gpu,R50,0.756,0.921,1.321875,0.6809233333333333,1147.671875,0.744223983545224,0.8337727558858442,1.573076923076923,1.2461613542778707,0.9801587301587301,"(1.0, 1.0, 1.0, 1.0, 1.0)",0.9919743455935637,1.0501924703357228,0.9722923149270247,1.029355318146522
h100_sxm,onnx,,gpu,SN,0.595,0.804,0.8478675,0.5151333333333333,1149.19921875,0.7452144111008944,0.5347924895327024,0.1346153846153846,0.9427482080219611,1.2453781512605042,"(1.0, 1.0, 1.0, 1.0, 1.0)",0.37715547239671815,0.47423023465175573,0.469701184951207,0.5905959729024387
h100_sxm,torch,,gpu,CN,0.822,0.966,2.8510764241218567,1.3777285589165986,2411.2421875,0.8479279764390426,0.9628269998666462,1.7153846153846153,1.2718302371318293,0.9014598540145986,"(1.0, 1.0, 1.0, 1.0, 1.0)",1.1188097572197104,1.1552459918465667,1.0085620804133886,1.0414078831609561
h100_sxm,torch,,gpu,DE,0.741,0.916,2.9611513018608093,1.0832645102255047,2843.6875,1.0,1.0,1.0,1.0,1.0,"(1.0, 1.0, 1.0, 1.0, 1.0)",1.0,1.0,1.0,1.0
h100_sxm,torch,,gpu,DN,0.733,0.909,7.677853107452393,1.5689878291357309,2846.71875,1.0010659574935712,2.592860791215759,1.0884615384615384,1.4483884723677622,1.0109140518417463,"(1.0, 1.0, 1.0, 1.0, 1.0)",1.4136817786810578,1.42227969565863,1.429110774901315,1.4378025299905115
h100_sxm,torch,,gpu,EN,0.771,0.929,4.137398675084114,1.0275041084438563,2851.3828125,1.0027061034308447,1.3972263668135236,0.15,0.9485255897748919,0.961089494163424,"(1.0, 1.0, 1.0, 1.0, 1.0)",0.5945347311389553,0.6681826360568692,0.5714010840129259,0.6421833116966797
h100_sxm,torch,,gpu,IN,0.769,0.931,5.846520885825157,1.1365148021914069,4460.84375,1.5686828281940262,1.9744080223631804,2.196153846153846,1.0491572385721535,0.9635890767230169,"(1.0, 1.0, 1.0, 1.0, 1.0)",1.8947195514363833,1.6344394935977415,1.8257310632176331,1.574928042595483
h100_sxm,torch,,gpu,LE,0.742,0.923,5.136007443070412,1.015309750493616,3560.50390625,1.2520728477548957,1.7344630245144539,0.11730769230769231,0.9372685442101832,0.9986522911051213,"(1.0, 1.0, 1.0, 1.0, 1.0)",0.6339286477092255,0.6990307719552352,0.6330742964319894,0.6980886819660772
h100_sxm,torch,,gpu,MN,0.729,0.907,2.646416425704956,1.0147604824639855,3552.25390625,1.24917168509198,0.8937119910225217,0.11923076923076922,0.9367614953551293,1.0164609053497942,"(1.0, 1.0, 1.0, 1.0, 1.0)",0.510586530945428,0.5942364305919872,0.5189912475042004,0.6040181002313614
h100_sxm,torch,,gpu,MV2,0.713,0.905,2.7407724410295486,1.0149509030245245,3554.07421875,1.2498118090507484,0.9255766293695384,0.11923076923076922,0.9369372793476274,1.0392706872370268,"(1.0, 1.0, 1.0, 1.0, 1.0)",0.5166722262557027,0.5995687200439194,0.5369622996570488,0.6231141957258686
h100_sxm,torch,,gpu,MV3,0.673,0.868,2.748811617493629,0.9870738566368816,3545.9296875,1.2469477351150575,0.9282915114017496,0.023076923076923075,0.9112029862691625,1.101040118870728,"(1.0, 1.0, 1.0, 1.0, 1.0)",0.2989304648179719,0.39498573991192104,0.32913443451726176,0.43489514602486395
h100_sxm,torch,,gpu,MX,0.663,0.875,5.038820207118988,1.0119584782961757,2976.3671875,1.046657618848766,1.7016422645990956,0.2692307692307692,0.9341748656434012,1.1176470588235294,"(1.0, 1.0, 1.0, 1.0, 1.0)",0.7827069647819961,0.818100095405344,0.8747901371092898,0.9143471654530315
h100_sxm,torch,,gpu,R18,0.695,0.879,1.4751795679330826,0.5625600000000001,3553.8984375,1.2497499945053738,0.4981777077740232,0.6961538461538461,0.5193191456839024,1.0661870503597124,"(1.0, 1.0, 1.0, 1.0, 1.0)",0.7567821619820682,0.688789865655185,0.8068713410485073,0.7343788351805642
h100_sxm,torch,,gpu,R50,0.8,0.961,3.233719617128372,1.150832774266601,3555.84765625,1.25043544913075,1.0920480878826688,1.573076923076923,1.0623746678703896,0.9262499999999999,"(1.0, 1.0, 1.0, 1.0, 1.0)",1.2902810926981485,1.229087145558931,1.1951228621116599,1.1384419685739597
h100_sxm,torch,,gpu,SN,0.595,0.804,1.3219602406024933,0.5100633333333334,3552.59765625,1.2492925668696016,0.44643454718837355,0.1346153846153846,0.4708576054311544,1.2453781512605042,"(1.0, 1.0, 1.0, 1.0, 1.0)",0.4218637567433149,0.4336122662457044,0.5253799054568006,0.5400112425009529
h200_sxm,onnx,,gpu,CN,0.822,0.966,1.7474365,0.5681966666666667,1847.98046875,1.1940148203487022,1.0792447667851048,1.7153846153846153,1.277956876386973,0.9014598540145986,"(1.0, 1.0, 1.0, 1.0, 1.0)",1.3026579467398502,1.2964382761119675,1.174293842499062,1.168687059122832
h200_sxm,onnx,,gpu,DE,0.741,0.916,1.619129,0.4446133333333333,1547.703125,1.0,1.0,1.0,1.0,1.0,"(1.0, 1.0, 1.0, 1.0, 1.0)",1.0,1.0,1.0,1.0
h200_sxm,onnx,,gpu,DN,0.733,0.908,3.815521,0.9110618133805692,1152.42578125,0.7446038989227989,2.356526873399216,1.0884615384615384,2.049110418147385,1.0109140518417463,"(1.0, 1.0, 1.0, 1.0, 1.0)",1.2407099451594092,1.406513930540776,1.2542511178214493,1.4218646964948363
h200_sxm,onnx,,gpu,EN,0.771,0.929,1.436148,0.44625,1156.23828125,0.7470672266362453,0.8869880040441497,0.15,1.003681101181551,0.961089494163424,"(1.0, 1.0, 1.0, 1.0, 1.0)",0.4632224116912461,0.562006203196727,0.4451981933375011,0.5401382575470489
h200_sxm,onnx,,gpu,IN,0.769,0.931,2.6109335,1.0448399587329478,2522.58203125,1.6298875349560336,1.612554342489079,2.196153846153846,2.3499969083239693,0.9635890767230169,"(1.0, 1.0, 1.0, 1.0, 1.0)",1.7938174835974643,1.9191128445734025,1.728502932829286,1.8492361740297674
h200_sxm,onnx,,gpu,LE,0.741,0.923,1.780338,0.44928,1148.81640625,0.7422718140793313,1.099565260087368,0.11730769230769231,1.010496011515624,1.0,"(1.0, 1.0, 1.0, 1.0, 1.0)",0.45747794023822275,0.5577136432791517,0.45747794023822275,0.5577136432791517
h200_sxm,onnx,,gpu,MN,0.728,0.907,1.118462,0.4303033333333333,1148.64453125,0.7421607624201185,0.6907800428501991,0.11923076923076922,0.9678147304024471,1.0178571428571428,"(1.0, 1.0, 1.0, 1.0, 1.0)",0.39392061189637967,0.4931790121511126,0.4009549085373864,0.5019857802252395
h200_sxm,onnx,,gpu,MV2,0.713,0.906,0.9826735,0.4351666666666667,1182.50390625,0.7640379392850293,0.6069148906603489,0.11923076923076922,0.978753073831944,1.0392706872370268,"(1.0, 1.0, 1.0, 1.0, 1.0)",0.3809579325443603,0.48230976026559985,0.3959184123637742,0.5012503960123555
h200_sxm,onnx,,gpu,MV3,0.676,0.868,1.0577685,0.40307,1148.6640625,0.7421733819268472,0.6532947652719455,0.023076923076923075,0.9065630060576981,1.096153846153846,"(1.0, 1.0, 1.0, 1.0, 1.0)",0.2236647197005775,0.31735665648760314,0.24517094274870993,0.3478717196114111
h200_sxm,onnx,,gpu,MX,0.662,0.875,1.8085135,0.4212966666666666,1806.01171875,1.1668980242900266,1.116966900104933,0.2692307692307692,0.9475574281772925,1.119335347432024,"(1.0, 1.0, 1.0, 1.0, 1.0)",0.7053412774411286,0.7593654966134591,0.7895134238427134,0.8499846419797177
h200_sxm,onnx,,gpu,R18,0.695,0.879,0.8604229999999999,0.4819300000000001,1218.55078125,0.7873285009035567,0.5314110240752898,0.6961538461538461,1.0839306063695797,1.0661870503597124,"(1.0, 1.0, 1.0, 1.0, 1.0)",0.6628733917935624,0.7495891811065222,0.7067470263583163,0.7992022779855151
h200_sxm,onnx,,gpu,R50,0.756,0.921,1.2933914999999998,0.57422,1148.45703125,0.7420396151555227,0.798819303465011,1.573076923076923,1.2915042283932106,0.9801587301587301,"(1.0, 1.0, 1.0, 1.0, 1.0)",0.9769564418005512,1.0475635018044582,0.9575723854156196,1.0267785116892905
h200_sxm,onnx,,gpu,SN,0.595,0.804,0.9056775,0.42052,1148.67578125,0.7421809536308844,0.5593609280051188,0.1346153846153846,0.9458105919750496,1.2453781512605042,"(1.0, 1.0, 1.0, 1.0, 1.0)",0.382324570659512,0.4794851932200284,0.47613866698940904,0.5971403834891447
h200_sxm,torch,,gpu,CN,0.822,0.966,2.412400208413601,1.2294118797387927,2397.98046875,0.8416389037414826,0.9297531266118522,1.7153846153846153,1.3572532321186568,0.9014598540145986,"(1.0, 1.0, 1.0, 1.0, 1.0)",1.1031087261276695,1.1617935504025891,0.9944082312172788,1.0473102443410203
h200_sxm,torch,,gpu,DE,0.741,0.916,2.594667486846447,0.9058087692447008,2849.1796875,1.0,1.0,1.0,1.0,1.0,"(1.0, 1.0, 1.0, 1.0, 1.0)",1.0,1.0,1.0,1.0
h200_sxm,torch,,gpu,DN,0.733,0.909,5.9974053874611855,1.3067555601727217,2981.28125,1.0463647705617023,2.3114350558847208,1.0884615384615384,1.4426395554354658,1.0109140518417463,"(1.0, 1.0, 1.0, 1.0, 1.0)",1.3807846936517458,1.395995222673103,1.3958546493805508,1.4112311869041874
h200_sxm,torch,,gpu,EN,0.771,0.929,3.366974182426929,0.8443364427909255,2973.26171875,1.0435500898010666,1.297651510066572,0.15,0.9321354257753175,0.961089494163424,"(1.0, 1.0, 1.0, 1.0, 1.0)",0.5878333366938876,0.6596452085854554,0.5649604442155262,0.6339780798467216
h200_sxm,torch,,gpu,IN,0.769,0.931,4.711550660431385,0.979019941598177,4501.03125,1.5797639123102867,1.8158591358300762,2.196153846153846,1.080824093163199,0.9635890767230169,"(1.0, 1.0, 1.0, 1.0, 1.0)",1.846909866795388,1.6153737838878683,1.779662173335998,1.5565565329790771
h200_sxm,torch,,gpu,LE,0.742,0.923,4.22211829572916,0.8327750426232814,3601.93359375,1.2642002221034014,1.627229044620555,0.11730769230769231,0.9193718044015871,0.9986522911051213,"(1.0, 1.0, 1.0, 1.0, 1.0)",0.6225826500119571,0.686310361104835,0.6217435898367388,0.6853854145265267
h200_sxm,torch,,gpu,MN,0.729,0.907,2.270936034619808,0.8343023233413696,3604.41796875,1.2650721836054786,0.8752320080057344,0.11923076923076922,0.9210579005953363,1.0164609053497942,"(1.0, 1.0, 1.0, 1.0, 1.0)",0.509185015702163,0.5905116146834073,0.5175666620511697,0.600231970480665
h200_sxm,torch,,gpu,MV2,0.713,0.905,2.330521121621132,0.8341953227128833,3603.15234375,1.2646279768025337,0.8981964484603929,0.11923076923076922,0.9209397734231127,1.0392706872370268,"(1.0, 1.0, 1.0, 1.0, 1.0)",0.5135398558825983,0.5942763175417028,0.5337069189467116,0.617613956940255
h200_sxm,torch,,gpu,MV3,0.673,0.868,2.380817197263241,0.8018477835785598,3602.3125,1.2643332099425548,0.9175808496975775,0.023076923076923075,0.8852285502238759,1.101040118870728,"(1.0, 1.0, 1.0, 1.0, 1.0)",0.29915384995779515,0.39236006728515826,0.3293803905181667,0.4320041751237775
h200_sxm,torch,,gpu,MX,0.663,0.875,4.171626642346382,0.8324314822107552,3029.8046875,1.0633954400252266,1.6077692665801149,0.2692307692307692,0.9189925185918322,1.1176470588235294,"(1.0, 1.0, 1.0, 1.0, 1.0)",0.7721133640173478,0.8064710759458144,0.8629502303723299,0.9013500260570867
h200_sxm,torch,,gpu,R18,0.695,0.879,1.2138476595282557,0.47869,3599.48046875,1.263339228670533,0.46782397578179213,0.6961538461538461,0.5284669526871005,1.0661870503597124,"(1.0, 1.0, 1.0, 1.0, 1.0)",0.7437652692417416,0.6828595375401332,0.7929928985728498,0.7280559961399119
h200_sxm,torch,,gpu,R50,0.8,0.961,2.663583494722843,0.9854785637110473,3605.625,1.2654958252786574,1.0265606318442586,1.573076923076923,1.087954320129599,0.9262499999999999,"(1.0, 1.0, 1.0, 1.0, 1.0)",1.2690101449635207,1.2211007156918572,1.175420646772461,1.1310445379095826
h200_sxm,torch,,gpu,SN,0.595,0.804,1.0972414165735245,0.4194,3600.4453125,1.263677867807346,0.4228832488694377,0.1346153846153846,0.4630116358331487,1.2453781512605042,"(1.0, 1.0, 1.0, 1.0, 1.0)",0.4158951469697111,0.42720454632807336,0.5179467292513544,0.5320312081161385
l40s,onnx,,gpu,CN,0.822,0.966,2.8739195000000004,0.8317468328785035,1797.484375,1.1964565690498414,1.5627897175996859,1.7153846153846153,2.5334705695297144,0.9014598540145986,"(1.0, 1.0, 1.0, 1.0, 1.0)",1.4747542784449625,1.6883742287640513,1.3294317765544006,1.5220015857836522
l40s,onnx,,gpu,DE,0.741,0.916,1.8389675,0.3283033333333333,1502.33984375,1.0,1.0,1.0,1.0,1.0,"(1.0, 1.0, 1.0, 1.0, 1.0)",1.0,1.0,1.0,1.0
l40s,onnx,,gpu,DN,0.733,0.908,4.465628000000001,0.690044390015013,1207.96875,0.8040582528815727,2.428334377850615,1.0884615384615384,2.101850087871013,1.0109140518417463,"(1.0, 1.0, 1.0, 1.0, 1.0)",1.2856902877838747,1.4537934462776918,1.2997223782371776,1.4696602233175575
l40s,onnx,,gpu,EN,0.771,0.929,1.554488,0.32538,1195.30859375,0.7956312938931198,0.8453047702039324,0.15,0.9910956331035324,0.961089494163424,"(1.0, 1.0, 1.0, 1.0, 1.0)",0.4655205012235197,0.5623193126981917,0.44740686304361615,0.5404391837994293
l40s,onnx,,gpu,IN,0.769,0.931,2.54284,0.7878282666729064,2516.765625,1.6752305648220613,1.3827541813544828,2.196153846153846,2.3996962159169057,0.9635890767230169,"(1.0, 1.0, 1.0, 1.0, 1.0)",1.719864014400118,1.8692166846369656,1.657242177724951,1.8011567793445922
l40s,onnx,,gpu,LE,0.741,0.924,1.826925,0.3190466666666667,1445.95703125,0.9624700012220521,0.9934514884031391,0.11730769230769231,0.9718045303631807,1.0,"(1.0, 1.0, 1.0, 1.0, 1.0)",0.48226615663450983,0.5745923232682946,0.48226615663450983,0.5745923232682946
l40s,onnx,,gpu,MN,0.728,0.907,1.058216,0.3069333333333333,1184.28515625,0.788293781315084,0.5754402946218462,0.11923076923076922,0.9349077580692652,1.0178571428571428,"(1.0, 1.0, 1.0, 1.0, 1.0)",0.3781744976535782,0.4741998037685077,0.38492761368310635,0.482667657407231
l40s,onnx,,gpu,MV2,0.713,0.906,1.0549565,0.3079466666666667,1161.671875,0.7732417400981282,0.5736678326289073,0.11923076923076922,0.9379943345077217,1.0392706872370268,"(1.0, 1.0, 1.0, 1.0, 1.0)",0.3753658088060881,0.4719446716968441,0.39010668208318555,0.49047826329223215
l40s,onnx,,gpu,MV3,0.673,0.868,1.2178095,0.2856566666666666,1148.90234375,0.7647419780082632,0.6622245907010319,0.023076923076923075,0.8700998060736513,1.101040118870728,"(1.0, 1.0, 1.0, 1.0, 1.0)",0.22693390096878377,0.3175534255458729,0.2498633292984677,0.3496390614108348
l40s,onnx,,gpu,MX,0.663,0.874,1.9357725,0.3064766666666667,1832.984375,1.2200863756796039,1.052640952055977,0.2692307692307692,0.9335167680295663,1.1176470588235294,"(1.0, 1.0, 1.0, 1.0, 1.0)",0.7018837328484842,0.7537536247832188,0.7844582896541882,0.8424305218165388
l40s,onnx,,gpu,R18,0.695,0.879,0.6907625,0.3478866666666667,1149.4296875,0.7650929929615001,0.3756251809779128,0.6961538461538461,1.059650120315562,1.0661870503597124,"(1.0, 1.0, 1.0, 1.0, 1.0)",0.5848682553837964,0.6785536023514316,0.6235789600566809,0.72346506380203
l40s,onnx,,gpu,R50,0.756,0.921,1.27514,0.4618133333333333,1148.4453125,0.7644377650487911,0.6933999649259707,1.573076923076923,1.406666598978587,0.9801587301587301,"(1.0, 1.0, 1.0, 1.0, 1.0)",0.941221783412958,1.0406789526579876,0.9225467480277803,1.0200305607401703
l40s,onnx,,gpu,SN,0.595,0.804,0.775333,0.2949966666666667,1149.26171875,0.7649811881986173,0.4216132150241916,0.1346153846153846,0.8985491060096864,1.2453781512605042,"(1.0, 1.0, 1.0, 1.0, 1.0)",0.35146861951692604,0.4444269337948387,0.4377113396000709,0.5534795931797908
l40s,torch,,gpu,CN,0.822,0.966,3.721665998455137,0.819393277139985,2691.0078125,0.9274452706077484,1.059715729389566,1.7153846153846153,1.261573934596492,0.9014598540145986,"(1.0, 1.0, 1.0, 1.0, 1.0)",1.1901811311084871,1.207641342931941,1.0729005086999865,1.0886401887014214
l40s,torch,,gpu,DE,0.741,0.916,3.511947492370382,0.6495007979077054,2901.52734375,1.0,1.0,1.0,1.0,1.0,"(1.0, 1.0, 1.0, 1.0, 1.0)",1.0,1.0,1.0,1.0
l40s,torch,,gpu,DN,0.733,0.909,10.617869993438944,1.25781621732912,2909.66796875,1.0028056344247573,3.0233567035116558,1.0884615384615384,1.9365891795376313,1.0109140518417463,"(1.0, 1.0, 1.0, 1.0, 1.0)",1.4888116121569577,1.5899709366055594,1.5050605792746325,1.6073239618345425
l40s,torch,,gpu,EN,0.771,0.929,5.371256003854796,0.616473789755546,3081.05859375,1.0618747400008886,1.5294237785512783,0.15,0.9491501653907859,0.961089494163424,"(1.0, 1.0, 1.0, 1.0, 1.0)",0.6245455654111157,0.6934367092696581,0.6002441815429789,0.666454736146325
l40s,torch,,gpu,IN,0.769,0.931,7.511449017329141,1.0401177199075902,4477.43359375,1.543129897912064,2.138827255717113,2.196153846153846,1.601410996350141,0.9635890767230169,"(1.0, 1.0, 1.0, 1.0, 1.0)",1.9352941564190815,1.8458055204240285,1.8648283093713125,1.7785980372356371
l40s,torch,,gpu,LE,0.741,0.924,6.643797474680468,0.898377811168888,3581.8203125,1.2344602990612434,1.891770161459974,0.11730769230769231,1.3831819977171886,1.0,"(1.0, 1.0, 1.0, 1.0, 1.0)",0.6494673602140754,0.7845810771742833,0.6494673602140754,0.7845810771742833
l40s,torch,,gpu,MN,0.729,0.907,3.2359155011363328,0.6035603007480967,3585.9453125,1.2358819641056502,0.9214020164499265,0.11923076923076922,0.9292679896505117,1.0164609053497942,"(1.0, 1.0, 1.0, 1.0, 1.0)",0.5139704685003328,0.5959898574516431,0.5224308877349061,0.605800390084592
l40s,torch,,gpu,MV2,0.713,0.905,3.4063994826283306,0.6014780003987252,3587.19140625,1.236311425421148,0.9699460171396777,0.11923076923076922,0.9260619884322232,1.0392706872370268,"(1.0, 1.0, 1.0, 1.0, 1.0)",0.5229031574505923,0.6032203200910229,0.5434379238020883,0.6269091966163366
l40s,torch,,gpu,MV3,0.672,0.868,3.534145507728681,0.5832870262926444,3586.59765625,1.2361067918162714,1.006320713907746,0.023076923076923075,0.8980543644775166,1.1026785714285714,"(1.0, 1.0, 1.0, 1.0, 1.0)",0.3061893652370564,0.4006989771132743,0.3376284518462185,0.44184217565615513
l40s,torch,,gpu,MX,0.663,0.875,6.012208497850224,0.9134990879013783,3013.65234375,1.0386434407525131,1.7119300647038707,0.2692307692307692,1.4064633805595221,1.1176470588235294,"(1.0, 1.0, 1.0, 1.0, 1.0)",0.7822743035746577,0.9058398152827091,0.874306574583441,1.012409205315969
l40s,torch,,gpu,R18,0.695,0.879,1.6874564753379673,0.33252,3587.28125,1.2363423897166228,0.48049023483520875,0.6961538461538461,0.5119624195554127,1.0661870503597124,"(1.0, 1.0, 1.0, 1.0, 1.0)",0.7450341573850927,0.6783309904941486,0.7943457706796457,0.7232277179225384
l40s,torch,,gpu,R50,0.8,0.961,4.024939495138824,0.7322849365800503,3586.0859375,1.2359304299594367,1.146070521806748,1.573076923076923,1.127458101574355,0.9262499999999999,"(1.0, 1.0, 1.0, 1.0, 1.0)",1.3061261035341671,1.2589658062697342,1.2097993033985222,1.166117078057341
l40s,torch,,gpu,SN,0.595,0.804,1.488573994720355,0.2982933333333333,3585.2109375,1.2356288646469868,0.4238599802400932,0.1346153846153846,0.45926553792428293,1.2453781512605042,"(1.0, 1.0, 1.0, 1.0, 1.0)",0.4131125464868827,0.4241966684238304,0.5144813394063531,0.5282852626925351
rtx_3090,onnx,,gpu,CN,0.822,0.966,2.5295115,1.373680155489594,1698.71875,1.0553429418031535,1.0881243351158214,1.7153846153846153,1.5454584117489465,0.9014598540145986,"(1.0, 1.0, 1.0, 1.0, 1.0)",1.2535583321801376,1.3209085205321967,1.1300325111258904,1.1907460020855933
rtx_3090,onnx,,gpu,DE,0.741,0.916,2.324653,0.8888496416639536,1609.63671875,1.0,1.0,1.0,1.0,1.0,"(1.0, 1.0, 1.0, 1.0, 1.0)",1.0,1.0,1.0,1.0
rtx_3090,onnx,,gpu,DN,0.733,0.909,5.8531475,1.1688571767602116,1231.9453125,0.765356119271866,2.517858579323452,1.0884615384615384,1.3150223862070478,1.0109140518417463,"(1.0, 1.0, 1.0, 1.0, 1.0)",1.2800767019892167,1.288725083070278,1.2940475254761388,1.302790295436666
rtx_3090,onnx,,gpu,EN,0.771,0.929,1.972991,0.57189,1148.67578125,0.7136242407181357,0.8487249494870847,0.15,0.6434046583282685,0.961089494163424,"(1.0, 1.0, 1.0, 1.0, 1.0)",0.44954786628354654,0.4917031672373387,0.43205573140870035,0.47257074827868734
rtx_3090,onnx,,gpu,IN,0.769,0.931,3.4407245,1.3738573275133967,2548.96875,1.5835677207832706,1.4801024066817714,2.196153846153846,1.5456577390766495,0.9635890767230169,"(1.0, 1.0, 1.0, 1.0, 1.0)",1.7266211451494093,1.6794849815114876,1.6637532751049575,1.6183333827048274
rtx_3090,onnx,,gpu,LE,0.741,0.923,2.399108,1.0570646630749103,1274.734375,0.7919391749399977,1.0320284360719643,0.11730769230769231,1.1892502550780726,1.0,"(1.0, 1.0, 1.0, 1.0, 1.0)",0.45768849328338856,0.581093220723098,0.45768849328338856,0.581093220723098
rtx_3090,onnx,,gpu,MN,0.728,0.907,1.182056,0.42529,1271.65234375,0.7900244377734689,0.508487073124462,0.11923076923076922,0.47847237605208925,1.0178571428571428,"(1.0, 1.0, 1.0, 1.0, 1.0)",0.36316411576348034,0.389082246148701,0.36964918925925677,0.3960301434013564
rtx_3090,onnx,,gpu,MV2,0.713,0.906,1.529898,0.4221766666666667,1149.5,0.7141362933697676,0.6581188676331478,0.11923076923076922,0.47496972139892984,1.0392706872370268,"(1.0, 1.0, 1.0, 1.0, 1.0)",0.3826701596539299,0.40391030118260324,0.3976978798086425,0.41977213629215854
rtx_3090,onnx,,gpu,MV3,0.674,0.868,1.233741,0.39431,1148.4453125,0.7134810601188641,0.530720498930378,0.023076923076923075,0.4436183371372459,1.0994065281899108,"(1.0, 1.0, 1.0, 1.0, 1.0)",0.2059722617467568,0.24952204772848638,0.22644724919042547,0.27432616820001243
rtx_3090,onnx,,gpu,MX,0.661,0.874,2.4626915,0.8052272769585251,1717.875,1.0672439190714131,1.059380260193672,0.2692307692307692,0.9059206858103864,1.1210287443267775,"(1.0, 1.0, 1.0, 1.0, 1.0)",0.6726875952392624,0.7246571947405174,0.7541021302152698,0.8123615450873273
rtx_3090,onnx,,gpu,R18,0.695,0.879,1.050557,0.4847366666666666,1244.4375,0.7731169931103437,0.4519199209516431,0.6961538461538461,0.5453528290332939,1.0661870503597124,"(1.0, 1.0, 1.0, 1.0, 1.0)",0.6242194700148878,0.603493192507924,0.6655347155122762,0.6434366268321896
rtx_3090,onnx,,gpu,R50,0.756,0.921,1.6296529999999998,0.8182966666666668,1148.43359375,0.7134737797494097,0.7010306484451657,1.573076923076923,0.9206243984469527,0.9801587301587301,"(1.0, 1.0, 1.0, 1.0, 1.0)",0.923184124582623,0.9225435265901281,0.9048669792536027,0.9042390915387366
rtx_3090,onnx,,gpu,SN,0.595,0.804,1.058847,0.4061133333333334,1148.453125,0.7134859136985005,0.45548604458385833,0.1346153846153846,0.45689767346148313,1.2453781512605042,"(1.0, 1.0, 1.0, 1.0, 1.0)",0.352358748133907,0.37600492236870514,0.43881988633147073,0.46826831508438743
rtx_3090,torch,,gpu,CN,0.822,0.966,4.751699045300484,1.2290989814214408,2553.203125,0.9409153202123617,0.9851156175670043,1.7153846153846153,1.4305373632242522,0.9014598540145986,"(1.0, 1.0, 1.0, 1.0, 1.0)",1.1671672283142038,1.2280742210944895,1.052154399246746,1.1070596080669304
rtx_3090,torch,,gpu,DE,0.741,0.916,4.823493771255016,0.859186913266778,2713.53125,1.0,1.0,1.0,1.0,1.0,"(1.0, 1.0, 1.0, 1.0, 1.0)",1.0,1.0,1.0,1.0
rtx_3090,torch,,gpu,DN,0.733,0.909,13.58539704233408,2.0682758567167907,2814.34765625,1.0371532136399755,2.8165055635179805,1.0884615384615384,2.407247858155621,1.0109140518417463,"(1.0, 1.0, 1.0, 1.0, 1.0)",1.4704678697338016,1.6633048613243038,1.4865166322956986,1.6814582568094258
rtx_3090,torch,,gpu,EN,0.771,0.929,7.012723013758659,1.20805947039742,2813.95703125,1.0370092591526263,1.4538679526342648,0.15,1.4060496636339208,0.961089494163424,"(1.0, 1.0, 1.0, 1.0, 1.0)",0.6092557251301965,0.7509307339123424,0.5855492766815508,0.721711639207582
rtx_3090,torch,,gpu,IN,0.769,0.931,9.850171394646168,1.7969757062854863,4434.28125,1.6341367913120588,2.0421237927883276,2.196153846153846,2.091484028141295,0.9635890767230169,"(1.0, 1.0, 1.0, 1.0, 1.0)",1.9424256804771176,1.978663518078004,1.8717001680540235,1.9066185525303
rtx_3090,torch,,gpu,LE,0.741,0.924,8.416278287768364,1.585942212495953,3538.1640625,1.3038965600635704,1.744851074116459,0.11730769230769231,1.8458640233077166,1.0,"(1.0, 1.0, 1.0, 1.0, 1.0)",0.6438371002306575,0.8377837364872953,0.6438371002306575,0.8377837364872953
rtx_3090,torch,,gpu,MN,0.728,0.907,4.425046965479851,0.8080029551703483,3535.54296875,1.3029306254534567,0.9173945640503036,0.11923076923076922,0.9404274468033743,1.0178571428571428,"(1.0, 1.0, 1.0, 1.0, 1.0)",0.5223423840006911,0.6050590680006837,0.531669926572132,0.6158636942149815
rtx_3090,torch,,gpu,MV2,0.713,0.906,4.628639668226242,0.8174072485249491,3533.109375,1.3020337889972706,0.9596031191768128,0.11923076923076922,0.9513730201232053,1.0392706872370268,"(1.0, 1.0, 1.0, 1.0, 1.0)",0.5301117337113951,0.6135688043344857,0.5509295858066533,0.6376640729479017
rtx_3090,torch,,gpu,MV3,0.674,0.868,4.528641700744629,0.7757773486915975,3534.953125,1.3027132541775592,0.9388716800532593,0.023076923076923075,0.9029203502902031,1.0994065281899108,"(1.0, 1.0, 1.0, 1.0, 1.0)",0.3044698718952239,0.39954951122398413,0.334736164798755,0.4392673409747362
rtx_3090,torch,,gpu,MX,0.663,0.875,7.459607906639576,1.191200159191154,2961.23828125,1.0912858590627987,1.546515505232771,0.2692307692307692,1.3864272613999717,1.1176470588235294,"(1.0, 1.0, 1.0, 1.0, 1.0)",0.7687866492095748,0.890899359889765,0.8592321373518778,0.9957110492885609
rtx_3090,torch,,gpu,R18,0.695,0.879,2.2981325164437294,0.892537656756118,3532.28125,1.3017286054840902,0.47644562747010294,0.6961538461538461,1.0388166334639974,1.0661870503597124,"(1.0, 1.0, 1.0, 1.0, 1.0)",0.7558106497100812,0.8183601607845503,0.8058355272448493,0.8725250059587797
rtx_3090,torch,,gpu,R50,0.8,0.961,5.350284278392792,0.974572941779159,3532.796875,1.3019186254073911,1.1092134730798482,1.573076923076923,1.134296771436687,0.9262499999999999,"(1.0, 1.0, 1.0, 1.0, 1.0)",1.314567765518563,1.266977516474056,1.217618392811569,1.1735379246340942
rtx_3090,torch,,gpu,SN,0.595,0.804,2.573775127530098,0.7962637556493283,3537.421875,1.3036230465376066,0.533591469085785,0.1346153846153846,0.9267642969814276,1.2453781512605042,"(1.0, 1.0, 1.0, 1.0, 1.0)",0.4541003826706618,0.5427579888371173,0.5655266950570763,0.6759389407198386
rtx_4090,onnx,,gpu,CN,0.822,0.966,2.3766325000000004,0.906300662481226,1699.37890625,0.9891431871509904,1.4371388834298329,1.7153846153846153,2.647937268644018,0.9014598540145986,"(1.0, 1.0, 1.0, 1.0, 1.0)",1.3459837134219572,1.594067754302288,1.213350281807385,1.4369880850827197
rtx_4090,onnx,,gpu,DE,0.741,0.916,1.653725,0.3422666666666667,1718.03125,1.0,1.0,1.0,1.0,1.0,"(1.0, 1.0, 1.0, 1.0, 1.0)",1.0,1.0,1.0,1.0
rtx_4090,onnx,,gpu,DN,0.733,0.908,4.136827,0.7263554810951464,1149.44921875,0.6690502391909344,2.501520506734796,1.0884615384615384,2.122191705576002,1.0109140518417463,"(1.0, 1.0, 1.0, 1.0, 1.0)",1.2213082621256517,1.4022166657617436,1.2346376838132442,1.417520531145228
rtx_4090,onnx,,gpu,EN,0.771,0.929,1.3447365,0.3300333333333333,1179.88671875,0.6867667388180512,0.8131560567809037,0.15,0.9642578885858977,0.961089494163424,"(1.0, 1.0, 1.0, 1.0, 1.0)",0.43754709477653475,0.5331100914682458,0.42052191599145555,0.5123665081426331
rtx_4090,onnx,,gpu,IN,0.769,0.931,2.9134455,0.8061856778850778,2469.87890625,1.4376216417774705,1.761747267532389,2.196153846153846,2.355431470252467,0.9635890767230169,"(1.0, 1.0, 1.0, 1.0, 1.0)",1.7718093517958422,1.9025249483883622,1.7072961374261626,1.8332522584600472
rtx_4090,onnx,,gpu,LE,0.741,0.924,1.62891,0.3416933333333333,1350.3203125,0.7859695872819543,0.9849944821539254,0.11730769230769231,0.9983248928710554,1.0,"(1.0, 1.0, 1.0, 1.0, 1.0)",0.44949204508643437,0.5487309832956865,0.44949204508643437,0.5487309832956865
rtx_4090,onnx,,gpu,MN,0.728,0.907,1.168011,0.2942066666666666,1149.41796875,0.6690320497662658,0.7062909492206987,0.11923076923076922,0.8595831710167507,1.0178571428571428,"(1.0, 1.0, 1.0, 1.0, 1.0)",0.3833595647491018,0.46911217399872424,0.3902052712624786,0.47748917710584426
rtx_4090,onnx,,gpu,MV2,0.713,0.906,1.3200759999999998,0.2923833333333334,1149.04296875,0.6688137766702439,0.7982439643834374,0.11923076923076922,0.8542559407869108,1.0392706872370268,"(1.0, 1.0, 1.0, 1.0, 1.0)",0.39927893633548056,0.48289677151602295,0.4149588945646439,0.5018604595979986
rtx_4090,onnx,,gpu,MV3,0.673,0.868,1.5823455000000002,0.2742,1148.42578125,0.6684545355330411,0.9568371403951687,0.023076923076923075,0.8011297234125437,1.101040118870728,"(1.0, 1.0, 1.0, 1.0, 1.0)",0.24529908811549217,0.329759762466421,0.2700841371375627,0.36307872806481123
rtx_4090,onnx,,gpu,MX,0.663,0.874,1.7304195,0.2973533333333333,1844.1171875,1.0733897811812212,1.046376815976054,0.2692307692307692,0.868776782236073,1.1176470588235294,"(1.0, 1.0, 1.0, 1.0, 1.0)",0.6712074254547175,0.7159284413758511,0.7501730049199784,0.8001553168318336
rtx_4090,onnx,,gpu,R18,0.695,0.879,0.598453,0.3404333333333333,1211.80859375,0.7053472361169216,0.3618818122722944,0.6961538461538461,0.9946435527853523,1.0661870503597124,"(1.0, 1.0, 1.0, 1.0, 1.0)",0.5622010479331422,0.6483889517624604,0.5994114770049761,0.6913039039654435
rtx_4090,onnx,,gpu,R50,0.756,0.921,1.1590615,0.5157433333333334,1149.19140625,0.6689001764374193,0.7008792271992018,1.573076923076923,1.506846513439813,0.9801587301587301,"(1.0, 1.0, 1.0, 1.0, 1.0)",0.9034791882834073,1.0267290952398358,0.8855530139127048,1.0063574862072993
rtx_4090,onnx,,gpu,SN,0.595,0.804,0.7761325,0.2775766666666667,1148.453125,0.668470451279626,0.46932379930157675,0.1346153846153846,0.8109953252824308,1.2453781512605042,"(1.0, 1.0, 1.0, 1.0, 1.0)",0.34824361540210974,0.43019658637379193,0.43369498993775346,0.5357574294167728
rtx_4090,torch,,gpu,CN,0.822,0.966,4.310431657359004,0.7967789808772504,2448.51171875,0.8398864285006044,1.00420500702959,1.7153846153846153,1.2538310535033,0.9014598540145986,"(1.0, 1.0, 1.0, 1.0, 1.0)",1.131014446673835,1.1605420199642569,1.0195641179869974,1.0461820398947863
rtx_4090,torch,,gpu,DE,0.741,0.916,4.292382160201669,0.6354755520299078,2915.2890625,1.0,1.0,1.0,1.0,1.0,"(1.0, 1.0, 1.0, 1.0, 1.0)",1.0,1.0,1.0,1.0
rtx_4090,torch,,gpu,DN,0.733,0.909,12.431022012606263,1.53362556287233,2915.61328125,1.0001112132426835,2.896065995210039,1.0884615384615384,2.413351006145634,1.0109140518417463,"(1.0, 1.0, 1.0, 1.0, 1.0)",1.4663015021513375,1.6608200630357701,1.4823047927614477,1.6789463393035549
rtx_4090,torch,,gpu,EN,0.771,0.929,6.497824331745505,0.8854703133077129,2911.30078125,0.9986319431231359,1.513803778235864,0.15,1.3933979214137249,0.961089494163424,"(1.0, 1.0, 1.0, 1.0, 1.0)",0.6098018896976826,0.7497394512103157,0.5860741897094458,0.7205667099180855
rtx_4090,torch,,gpu,IN,0.769,0.931,8.989917347207665,1.3272774952615922,4446.8046875,1.5253392003901842,2.094388852549255,2.196153846153846,2.088636598248119,0.9635890767230169,"(1.0, 1.0, 1.0, 1.0, 1.0)",1.9143830329216598,1.9565337700713272,1.844678579187191,1.8852945690804335
rtx_4090,torch,,gpu,LE,0.741,0.924,7.605806458741426,0.8703480991674586,3553.62890625,1.218962795820526,1.7719313366972158,0.11730769230769231,1.3696012323169544,1.0,"(1.0, 1.0, 1.0, 1.0, 1.0)",0.6327827189660964,0.7675196307957356,0.6327827189660964,0.7675196307957356
rtx_4090,torch,,gpu,MN,0.729,0.907,3.99219268001616,0.5816587197137997,3551.828125,1.2183450933521278,0.9300645960723579,0.11923076923076922,0.9153125055020601,1.0164609053497942,"(1.0, 1.0, 1.0, 1.0, 1.0)",0.5131258876599102,0.5930076463969115,0.521572404329209,0.6027690891359553
rtx_4090,torch,,gpu,MV2,0.713,0.905,4.311457043513656,0.5844368573948742,3555.19140625,1.2194987632551446,1.004443892132636,0.11923076923076922,0.919684251468054,1.0392706872370268,"(1.0, 1.0, 1.0, 1.0, 1.0)",0.5266213524763401,0.605387620000265,0.5473021349017785,0.6291616078824634
rtx_4090,torch,,gpu,MV3,0.672,0.868,4.261336987838149,0.5646629211413674,3558.9140625,1.2207757056681237,0.9927673792302638,0.023076923076923075,0.8885674977387522,1.1026785714285714,"(1.0, 1.0, 1.0, 1.0, 1.0)",0.30354314272795335,0.39704334914401346,0.33471051899019855,0.43781119302933624
rtx_4090,torch,,gpu,MX,0.663,0.875,7.100807968527079,0.8850908467172411,2986.77734375,1.0245218500523907,1.6542813998168004,0.2692307692307692,1.3928007834290146,1.1176470588235294,"(1.0, 1.0, 1.0, 1.0, 1.0)",0.7698718401794272,0.8928655704072876,0.8604449978475952,0.997908578690498
rtx_4090,torch,,gpu,R18,0.695,0.879,3.444934030994773,0.6124595360681415,3562.7421875,1.2220888258829394,0.802569273289711,0.6961538461538461,0.9637814296895515,1.0661870503597124,"(1.0, 1.0, 1.0, 1.0, 1.0)",0.8805692377833991,0.9006732629941001,0.9388515182697825,0.960286169609537
rtx_4090,torch,,gpu,R50,0.8,0.961,4.882984794676304,0.7064220100203529,3561.5703125,1.2216868503069753,1.1375932087200005,1.573076923076923,1.1116430958890864,0.9262499999999999,"(1.0, 1.0, 1.0, 1.0, 1.0)",1.2978732557661534,1.2485776490023195,1.2021551031533995,1.1564950473883984
rtx_4090,torch,,gpu,SN,0.595,0.804,1.7835847102105618,0.2883133333333333,3561.23828125,1.2215729572271188,0.4155232790658052,0.1346153846153846,0.4536969713663575,1.2453781512605042,"(1.0, 1.0, 1.0, 1.0, 1.0)",0.4088240992837083,0.4196080742776655,0.5091406009566855,0.5225707277978994
rtx_5090,onnx,,gpu,CN,0.822,0.966,1.9442965,0.4798533333333333,2331.703125,1.8868072435777887,1.050584352462688,1.7153846153846153,1.4600296152051764,0.9014598540145986,"(1.0, 1.0, 1.0, 1.0, 1.0)",1.503741981578701,1.4926927026928631,1.3555630271895591,1.345602545858165
rtx_5090,onnx,,gpu,DE,0.741,0.916,1.850681,0.32866,1235.79296875,1.0,1.0,1.0,1.0,1.0,"(1.0, 1.0, 1.0, 1.0, 1.0)",1.0,1.0,1.0,1.0
rtx_5090,onnx,,gpu,DN,0.733,0.909,4.8631815,0.7321812186259777,1150.33203125,0.9308452631944949,2.6277794498349523,1.0884615384615384,2.2277770906893983,1.0109140518417463,"(1.0, 1.0, 1.0, 1.0, 1.0)",1.3859891512482456,1.5605863593466307,1.401115908697067,1.577618679776062
rtx_5090,onnx,,gpu,EN,0.771,0.929,1.59978,0.3363933333333334,1191.6484375,0.9642783764220215,0.8644277430848428,0.15,1.0235298890444027,0.961089494163424,"(1.0, 1.0, 1.0, 1.0, 1.0)",0.5000431257407683,0.5981095382466253,0.4805861947780924,0.5748367935677682
rtx_5090,onnx,,gpu,IN,0.769,0.931,3.223915,0.8567900277609005,2496.91796875,2.0204986044512157,1.7420155067242813,2.196153846153846,2.6069190889092084,0.9635890767230169,"(1.0, 1.0, 1.0, 1.0, 1.0)",1.9772326676995846,2.118728072821653,1.9052398007352302,2.0415832275173535
rtx_5090,onnx,,gpu,LE,0.741,0.923,1.881546,0.3432333333333333,1236.7578125,1.0007807486969083,1.0166776446075796,0.11730769230769231,1.0443416702164343,1.0,"(1.0, 1.0, 1.0, 1.0, 1.0)",0.49236015833590113,0.5941865662691859,0.49236015833590113,0.5941865662691859
rtx_5090,onnx,,gpu,MN,0.728,0.907,0.9630175,0.3036633333333333,1148.44921875,0.9293216969114593,0.520358451834757,0.11923076923076922,0.9239436905413901,1.0178571428571428,"(1.0, 1.0, 1.0, 1.0, 1.0)",0.3863245836084276,0.48042503992503865,0.3932232368871495,0.4890040584951286
rtx_5090,onnx,,gpu,MV2,0.713,0.906,0.974673,0.3014133333333333,1155.4296875,0.9349702714919255,0.5266564037778526,0.11923076923076922,0.9170977098926955,1.0392706872370268,"(1.0, 1.0, 1.0, 1.0, 1.0)",0.3886611867614904,0.48170625041153126,0.40392417866797253,0.5006231859115634
rtx_5090,onnx,,gpu,MV3,0.676,0.868,1.122784,0.2756566666666667,1202.8671875,0.973356555602267,0.6066869438871421,0.023076923076923075,0.8387289803038602,1.096153846153846,"(1.0, 1.0, 1.0, 1.0, 1.0)",0.23885710806885324,0.32697085255803265,0.2618241376908583,0.3584103576116896
rtx_5090,onnx,,gpu,MX,0.663,0.874,2.005742,0.32018,1774.953125,1.4362867971286148,1.0837859144822906,0.2692307692307692,0.9741982595995863,1.1176470588235294,"(1.0, 1.0, 1.0, 1.0, 1.0)",0.7483471704530799,0.7993540469188107,0.8363880140357951,0.8933956994974944
rtx_5090,onnx,,gpu,R18,0.695,0.878,0.8652869999999999,0.35952,1148.80859375,0.9296125020941134,0.46755059353827044,0.6961538461538461,1.0938964279194303,1.0661870503597124,"(1.0, 1.0, 1.0, 1.0, 1.0)",0.6713442369158527,0.7584954848512723,0.7157785317333049,0.8086980637047378
rtx_5090,onnx,,gpu,R50,0.756,0.921,1.5790955,0.4623566666666667,1156.6875,0.9359880896312148,0.8532510465066643,1.573076923076923,1.406793241242216,0.9801587301587301,"(1.0, 1.0, 1.0, 1.0, 1.0)",1.079027145880834,1.1530067407739808,1.057617877113357,1.1301296229014812
rtx_5090,onnx,,gpu,SN,0.595,0.804,0.7339275000000001,0.2845733333333333,1148.609375,0.9294512948732943,0.39657158635118644,0.1346153846153846,0.8658593480597983,1.2453781512605042,"(1.0, 1.0, 1.0, 1.0, 1.0)",0.36746358628319686,0.45527370681694546,0.45763112174092246,0.5669879273132044
rtx_5090,torch,,gpu,CN,0.822,0.966,4.791095852851868,0.8878509182296693,2671.03125,0.8751236630631068,1.0089160732015245,1.7153846153846153,1.4770885409733558,0.9014598540145986,"(1.0, 1.0, 1.0, 1.0, 1.0)",1.1484056652747836,1.2229906223024143,1.0352416033681444,1.1024769478419574
rtx_5090,torch,,gpu,DE,0.741,0.916,4.748755600303412,0.601081718259491,3052.17578125,1.0,1.0,1.0,1.0,1.0,"(1.0, 1.0, 1.0, 1.0, 1.0)",1.0,1.0,1.0,1.0
rtx_5090,torch,,gpu,DN,0.733,0.909,12.935318518429996,1.4936673266493017,3055.765625,1.0011761589132753,2.7239385656325457,1.0884615384615384,2.4849654901739595,1.0109140518417463,"(1.0, 1.0, 1.0, 1.0, 1.0)",1.4371661019638369,1.6480117897071411,1.4528514073058707,1.665998275815814
rtx_5090,torch,,gpu,EN,0.771,0.929,7.006258703768253,0.8374591572470964,3062.25,1.003300667940519,1.475388352965691,0.15,1.3932534159782244,0.961089494163424,"(1.0, 1.0, 1.0, 1.0, 1.0)",0.6055400937140549,0.7457868250578146,0.5819782223633134,0.716767882448561
rtx_5090,torch,,gpu,IN,0.77,0.931,10.332299396395683,1.295486285512025,3987.57421875,1.3064693859529,2.175790936837331,2.196153846153846,2.1552581723218456,0.9623376623376623,"(1.0, 1.0, 1.0, 1.0, 1.0)",1.841307775287331,1.9152241768857814,1.7719598201141717,1.8430923572368363
rtx_5090,torch,,gpu,LE,0.741,0.924,8.410303387790918,1.095736608551194,3130.84765625,1.025775669764269,1.7710541656962844,0.11730769230769231,1.822941166342639,1.0,"(1.0, 1.0, 1.0, 1.0, 1.0)",0.5973152135958629,0.789488567424305,0.5973152135958629,0.789488567424305
rtx_5090,torch,,gpu,MN,0.729,0.907,4.437340423464775,0.5561676117461174,3079.0390625,1.0088013545664787,0.9344217300172828,0.11923076923076922,0.9252778696323886,1.0164609053497942,"(1.0, 1.0, 1.0, 1.0, 1.0)",0.4825907321848877,0.5678743814318131,0.49053461255007097,0.5772221078751351
rtx_5090,torch,,gpu,MV2,0.713,0.905,4.582596011459827,0.559461935641244,3096.375,1.0144812166525672,0.9650098672517557,0.11923076923076922,0.930758528576177,1.0392706872370268,"(1.0, 1.0, 1.0, 1.0, 1.0)",0.48871391352848564,0.5741168371964394,0.5079060447750462,0.5966627999474917
rtx_5090,torch,,gpu,MV3,0.673,0.868,4.5925346203148365,0.5427526010107249,3092.76953125,1.013299938440431,0.9671027542502726,0.023076923076923075,0.9029597549270579,1.101040118870728,"(1.0, 1.0, 1.0, 1.0, 1.0)",0.28278921755971653,0.3780195260302628,0.31136227371731046,0.4162146638758168
rtx_5090,torch,,gpu,MX,0.662,0.875,7.647545076906681,0.8428693812573329,2502.78125,0.8199990529297108,1.6104313888922934,0.2692307692307692,1.402254228756065,1.119335347432024,"(1.0, 1.0, 1.0, 1.0, 1.0)",0.7084242567593424,0.8402852825159486,0.7929643115689919,0.9405610186470058
rtx_5090,torch,,gpu,R18,0.695,0.879,2.3785182274878025,0.5871129375379532,3369.8359375,1.104076625665349,0.5008718973315518,0.6961538461538461,0.9767605962763497,1.0661870503597124,"(1.0, 1.0, 1.0, 1.0, 1.0)",0.7274620953930023,0.7830776155551988,0.7756106657355609,0.8349072131315143
rtx_5090,torch,,gpu,R50,0.8,0.961,5.482757929712534,0.6767977801244707,3310.1171875,1.0845106654192642,1.1545672995599572,1.573076923076923,1.125966336298208,0.9262499999999999,"(1.0, 1.0, 1.0, 1.0, 1.0)",1.2535288877386084,1.2203435544964365,1.1610811322678858,1.1303432173523242
rtx_5090,torch,,gpu,SN,0.595,0.804,2.112027257680893,0.5287795540560036,3307.65234375,1.0837030960239686,0.444753833519238,0.1346153846153846,0.8797132536107611,1.2453781512605042,"(1.0, 1.0, 1.0, 1.0, 1.0)",0.4018292716793268,0.48878341505986983,0.5004293954863549,0.6087201858140564
rtx_6000_ada,onnx,,gpu,CN,0.822,0.966,2.24385,0.950862284326926,1843.01953125,1.2030767112389462,1.539213466960262,1.7153846153846153,2.663206256108875,0.9014598540145986,"(1.0, 1.0, 1.0, 1.0, 1.0)",1.470001896508777,1.7054524759068566,1.3251476950279852,1.5373969399598306
rtx_6000_ada,onnx,,gpu,DE,0.741,0.916,1.45779,0.3570366666666667,1531.921875,1.0,1.0,1.0,1.0,1.0,"(1.0, 1.0, 1.0, 1.0, 1.0)",1.0,1.0,1.0,1.0
rtx_6000_ada,onnx,,gpu,DN,0.733,0.908,3.900385,0.7449557340824977,1149.44921875,0.7503314872045939,2.6755465464847474,1.0884615384615384,2.0864964403725974,1.0109140518417463,"(1.0, 1.0, 1.0, 1.0, 1.0)",1.2976560325525852,1.4612485881388362,1.311818717764619,1.4771967309834622
rtx_6000_ada,onnx,,gpu,EN,0.771,0.929,1.276363,0.3312166666666666,1180.5234375,0.770615954224167,0.8755465464847475,0.15,0.9276824975959516,0.961089494163424,"(1.0, 1.0, 1.0, 1.0, 1.0)",0.4660181500050866,0.5535437662925158,0.44788514805936336,0.5320050983433906
rtx_6000_ada,onnx,,gpu,IN,0.769,0.931,2.111489,0.4798900000000001,2514.34765625,1.6413027957120856,1.4484178105214058,2.196153846153846,1.3440916432485925,0.9635890767230169,"(1.0, 1.0, 1.0, 1.0, 1.0)",1.7347961194478858,1.6275845242031315,1.6716305910414608,1.568322668965566
rtx_6000_ada,onnx,,gpu,LE,0.741,0.924,1.4602594999999998,0.3553933333333333,1149.4453125,0.7503289373030201,1.0016940025655272,0.11730769230769231,0.995397298129977,1.0,"(1.0, 1.0, 1.0, 1.0, 1.0)",0.4450796661169452,0.5442863332992448,0.4450796661169452,0.5442863332992448
rtx_6000_ada,onnx,,gpu,MN,0.728,0.907,0.76624,0.27987,1149.48046875,0.7503518864171843,0.5256175443651007,0.11923076923076922,0.7838690704035999,1.0178571428571428,"(1.0, 1.0, 1.0, 1.0, 1.0)",0.3609450241446156,0.4381690283370483,0.36739047100434086,0.4459934752716384
rtx_6000_ada,onnx,,gpu,MV2,0.713,0.906,0.7473045,0.2827733333333333,1148.4453125,0.7496761625001275,0.5126283621097689,0.11923076923076922,0.7920008215776155,1.0392706872370268,"(1.0, 1.0, 1.0, 1.0, 1.0)",0.35783945695854774,0.43646314488729204,0.3718920583538344,0.45360335254065
rtx_6000_ada,onnx,,gpu,MV3,0.673,0.868,0.8903405,0.25419,1148.76953125,0.7498878043307529,0.6107467467879462,0.023076923076923075,0.7119436845888844,1.101040118870728,"(1.0, 1.0, 1.0, 1.0, 1.0)",0.21945481723233878,0.29452370106837356,0.24162855805224817,0.32428241083456877
rtx_6000_ada,onnx,,gpu,MX,0.663,0.874,1.653171,0.3031966666666666,1811.5859375,1.1825576532745836,1.1340254769205442,0.2692307692307692,0.8492031630738204,1.1176470588235294,"(1.0, 1.0, 1.0, 1.0, 1.0)",0.7120709616517931,0.7441240779846682,0.7958440159637687,0.831668087159335
rtx_6000_ada,onnx,,gpu,R18,0.695,0.879,0.521544,0.32873,1207.828125,0.7884397662250238,0.3577634638733974,0.6961538461538461,0.9207177600806639,1.0661870503597124,"(1.0, 1.0, 1.0, 1.0, 1.0)",0.5812414507042089,0.6520772726328524,0.6197121078731206,0.695236343915027
rtx_6000_ada,onnx,,gpu,R50,0.756,0.921,1.1238225,0.5314733333333334,1147.63671875,0.749148332874351,0.7709083612866051,1.573076923076923,1.4885679341991016,0.9801587301587301,"(1.0, 1.0, 1.0, 1.0, 1.0)",0.9685160998778425,1.0783811758384165,0.9492995105945519,1.0569847239368606
rtx_6000_ada,onnx,,gpu,SN,0.595,0.804,0.5739885,0.26449,1148.671875,0.7498240567914078,0.3937388101166835,0.1346153846153846,0.740792262232637,1.2453781512605042,"(1.0, 1.0, 1.0, 1.0, 1.0)",0.3412616059970242,0.4142282194532179,0.42499974797276463,0.515870774142579
rtx_6000_ada,torch,,gpu,CN,0.822,0.966,3.9485301822423935,0.754457337141037,2645.44140625,1.0054337094865737,1.0225154925603153,1.7153846153846153,1.3020945802897292,0.9014598540145986,"(1.0, 1.0, 1.0, 1.0, 1.0)",1.208170655374308,1.2309965766770112,1.0891173426184455,1.1096939943037292
rtx_6000_ada,torch,,gpu,DE,0.741,0.916,3.861584700644016,0.5794182301051914,2631.14453125,1.0,1.0,1.0,1.0,1.0,"(1.0, 1.0, 1.0, 1.0, 1.0)",1.0,1.0,1.0,1.0
rtx_6000_ada,torch,,gpu,DN,0.733,0.909,11.63325598463416,1.1354016888793557,2831.359375,1.0760942021132083,3.0125600981105043,1.0884615384615384,1.9595546530754258,1.0109140518417463,"(1.0, 1.0, 1.0, 1.0, 1.0)",1.5224149247521321,1.6215827649763221,1.5390306401655252,1.639280803338956
rtx_6000_ada,torch,,gpu,EN,0.771,0.929,5.874167662113905,0.5494073573369533,2841.4765625,1.0799393681160023,1.5211805819342097,0.15,0.9482051630256961,0.961089494163424,"(1.0, 1.0, 1.0, 1.0, 1.0)",0.6269368561524636,0.6952538944694223,0.6025424259519786,0.6682012137507677
rtx_6000_ada,torch,,gpu,IN,0.769,0.931,8.489750325679779,1.2130180120915175,4452.9453125,1.692398596737102,2.19851459538461,2.196153846153846,2.093510264375524,0.9635890767230169,"(1.0, 1.0, 1.0, 1.0, 1.0)",2.014179895068623,2.033726118318109,1.9408417454432376,1.9596762726576313
rtx_6000_ada,torch,,gpu,LE,0.741,0.924,7.046660408377647,0.7994213296766393,3565.76171875,1.3552131691739426,1.8248105258969045,0.11730769230769231,1.3796965441206552,1.0,"(1.0, 1.0, 1.0, 1.0, 1.0)",0.661988777944641,0.7953968461370353,0.661988777944641,0.7953968461370353
rtx_6000_ada,torch,,gpu,MN,0.729,0.907,3.806245047599077,0.5425722386967391,3558.6171875,1.3524977990507339,0.9856691857527533,0.11923076923076922,0.9364086431975689,1.0164609053497942,"(1.0, 1.0, 1.0, 1.0, 1.0)",0.5416915124868857,0.6211269548194911,0.5506082452027192,0.6313512668329806
rtx_6000_ada,torch,,gpu,MV2,0.713,0.905,3.9453706704080105,0.5410129273897036,3560.890625,1.3533618479363039,1.021697302081713,0.11923076923076922,0.9337174760474564,1.0392706872370268,"(1.0, 1.0, 1.0, 1.0, 1.0)",0.5483293684304943,0.6263758459539497,0.5698626395610047,0.6509740558932353
rtx_6000_ada,torch,,gpu,MV3,0.672,0.868,3.960531204938889,0.5181799905532971,3561.94921875,1.3537641799775229,1.025623289909547,0.023076923076923075,0.8943108166603996,1.1026785714285714,"(1.0, 1.0, 1.0, 1.0, 1.0)",0.31761640937671787,0.41143318692383424,0.35022880855379157,0.4536785587954779
rtx_6000_ada,torch,,gpu,MX,0.663,0.875,6.526762153953314,0.820421246899059,2988.83984375,1.135946660569827,1.6901771319077405,0.2692307692307692,1.415939651657343,1.1176470588235294,"(1.0, 1.0, 1.0, 1.0, 1.0)",0.8025491101324532,0.9249428490415407,0.8969666525009772,1.0337596548111336
rtx_6000_ada,torch,,gpu,R18,0.695,0.879,1.8863719888031485,0.2980233333333333,3565.0078125,1.354926637498831,0.48849685687032807,0.6961538461538461,0.5143492521442209,1.0661870503597124,"(1.0, 1.0, 1.0, 1.0, 1.0)",0.7723739073694642,0.6977265089245875,0.8234950580730548,0.7439069685080856
rtx_6000_ada,torch,,gpu,R50,0.8,0.961,4.596259910613298,0.6565998398168013,3563.37890625,1.3543075509261802,1.1902522583142503,1.573076923076923,1.133205352716634,0.9262499999999999,"(1.0, 1.0, 1.0, 1.0, 1.0)",1.363647408105702,1.3019782307433587,1.2630784117579064,1.2059573362260358
rtx_6000_ada,torch,,gpu,SN,0.595,0.804,1.6766763292253015,0.2643866666666667,3567.33203125,1.3558099864454187,0.4341938502464218,0.1346153846153846,0.4562967696385186,1.2453781512605042,"(1.0, 1.0, 1.0, 1.0, 1.0)",0.42952890772669844,0.4360699366428789,0.5349259170176194,0.5430719715165937
