Status,Device name,Accelerator,Device tier,Year released,RAM (GB),API level,Processor,Initialization (ms),First inference (ms),Steady inference (ms),Peak memory (MB),% Ops on GPU
succeeded,Asus ZenFone Max Pro M1,cpu,Low tier,2018,4,28,Qualcomm Snapdragon 636,343.55999755859375,332.2040100097656,300.1376647949219,232.8828125,0
succeeded,Asus ZenFone Max Pro M1,gpu_cpu,Low tier,2018,4,28,Qualcomm Snapdragon 636,4415.125,570.5640258789062,567.8927001953125,433.765625,0.9922480620155039
succeeded,Fujitsu F-01L,cpu,Low tier,2019,3,27,Qualcomm Snapdragon 450,713.364013671875,523.7169799804688,414.85211181640625,232.41015625,0
succeeded,Fujitsu F-01L,gpu_cpu,Low tier,2019,3,27,Qualcomm Snapdragon 450,11665.591796875,891.8070068359375,889.5393676757812,426.75,0.9922480620155039
Failed to get result,Google Pixel,cpu,Low tier,2016,4,25,Qualcomm Snapdragon 821,0,0,0,0,0
Failed to get result,Google Pixel,gpu_cpu,Low tier,2016,4,25,Qualcomm Snapdragon 821,0,0,0,0,0
succeeded,Google Pixel 2,cpu,Low tier,2017,4,28,Qualcomm Snapdragon 835,299.64300537109375,214.10699462890625,201.02052307128906,232.84375,0
Failed to get result,Google Pixel 2,gpu_cpu,Low tier,2017,4,28,Qualcomm Snapdragon 835,0,0,0,0,0
succeeded,Google Pixel 3,cpu,Low tier,2018,4,28,Qualcomm Snapdragon 845,197.45599365234375,139.47799682617188,143.31959533691406,232.765625,0
succeeded,Google Pixel 3,gpu_cpu,Low tier,2018,4,28,Qualcomm Snapdragon 845,2263.590087890625,90.64600372314453,86.8051986694336,433.19140625,0.9922480620155039
succeeded,Google Pixel 4,cpu,Mid tier,2019,6,30,Qualcomm Snapdragon 855,180.64100646972656,94.41600036621094,74.70243835449219,242.140625,0
succeeded,Google Pixel 4,gpu_cpu,Mid tier,2019,6,30,Qualcomm Snapdragon 855,2184.305908203125,76.32599639892578,69.41101837158203,456.60546875,0.9922480620155039
succeeded,Google Pixel 5,cpu,Mid tier,2020,8,30,Qualcomm Snapdragon 765G,180.69400024414062,172.24899291992188,133.3816375732422,241.78125,0
succeeded,Google Pixel 5,gpu_cpu,Mid tier,2020,8,30,Qualcomm Snapdragon 765G,1530.9930419921875,106.22799682617188,98.54740142822266,454.84375,0.9922480620155039
succeeded,Google Pixel 6,cpu,Mid tier,2021,8,31,Google Tensor,108.12799835205078,104.22899627685547,98.61830139160156,242.06640625,0
succeeded,Google Pixel 6,gpu_cpu,Mid tier,2021,8,31,Google Tensor,1017.1079711914062,66.52999877929688,42.027618408203125,501.9921875,0.9922480620155039
succeeded,Google Pixel 6 Pro,cpu,Mid tier,2021,12,32,Google Tensor,94.62200164794922,102.36100006103516,94.628662109375,242.3515625,0
succeeded,Google Pixel 6 Pro,gpu_cpu,Mid tier,2021,12,32,Google Tensor,909.5750122070312,61.7760009765625,42.56916046142578,507.51171875,0.9922480620155039
succeeded,Google Pixel 6a,cpu,Mid tier,2021,6,32,Google Tensor,104.88899993896484,100.30999755859375,96.30062103271484,241.55078125,0
succeeded,Google Pixel 6a,gpu_cpu,Mid tier,2021,6,32,Google Tensor,1280.7969970703125,62.185001373291016,43.008758544921875,504.7265625,0.9922480620155039
succeeded,Google Pixel 7,cpu,High tier,2022,8,33,Google Tensor G2,111.15499877929688,124.86699676513672,53.73667907714844,242.02734375,0
succeeded,Google Pixel 7,gpu_cpu,High tier,2022,8,33,Google Tensor G2,1162.9229736328125,104.55400085449219,54.486480712890625,514.80859375,0.9922480620155039
succeeded,Google Pixel 7 Pro,cpu,High tier,2022,12,33,Google Tensor G2,116.83100128173828,94.73699951171875,53.61909866333008,242.25,0
succeeded,Google Pixel 7 Pro,gpu_cpu,High tier,2022,12,33,Google Tensor G2,958.8980102539062,105.79100036621094,55.00899887084961,511.171875,0.9922480620155039
succeeded,Google Pixel 7a,cpu,High tier,2023,8,33,Google Tensor G2,105.01100158691406,84.95700073242188,55.330501556396484,242.27734375,0
succeeded,Google Pixel 7a,gpu_cpu,High tier,2023,8,33,Google Tensor G2,1145.5760498046875,108.18000030517578,53.91712188720703,515.05859375,0.9922480620155039
succeeded,Google Pixel 8,cpu,High tier,2023,8,34,Google Tensor G3,156.18299865722656,87.30699920654297,75.44841766357422,242.89453125,0
succeeded,Google Pixel 8,gpu_cpu,High tier,2023,8,34,Google Tensor G3,1516.3289794921875,95.67900085449219,41.350181579589844,517.0234375,0.9922480620155039
succeeded,Google Pixel 8 Pro,cpu,High tier,2023,12,34,Google Tensor G3,139.39700317382812,90.43599700927734,75.5556411743164,242.50390625,0
succeeded,Google Pixel 8 Pro,gpu_cpu,High tier,2023,12,34,Google Tensor G3,1577.4549560546875,97.36100006103516,42.99290084838867,517.95703125,0.9922480620155039
succeeded,Google Pixel 8a,cpu,High tier,2024,8,34,Google Tensor G3,137.41299438476562,112.6500015258789,72.11962127685547,242.6875,0
succeeded,Google Pixel 8a,gpu_cpu,High tier,2024,8,34,Google Tensor G3,1625.823974609375,96.01200103759766,42.64271926879883,521.19921875,0.9922480620155039
succeeded,Google Pixel 9,cpu,High tier,2024,8,35,Google Tensor G4,87.58699798583984,89.01100158691406,61.94866180419922,242.85546875,0
succeeded,Google Pixel 9,gpu_cpu,High tier,2024,8,35,Google Tensor G4,796.8610229492188,96.80999755859375,36.525638580322266,519.51953125,0.9922480620155039
succeeded,Google Pixel 9 Pro,cpu,High tier,2024,16,34,Google Tensor G4,125.93399810791016,101.33399963378906,57.43724060058594,242.890625,0
succeeded,Google Pixel 9 Pro,gpu_cpu,High tier,2024,16,34,Google Tensor G4,792.5709838867188,94.83999633789062,40.576881408691406,520.67578125,0.9922480620155039
succeeded,Google Pixel 9 Pro Fold,cpu,High tier,2024,16,35,Google Tensor G4,122.86900329589844,109.6760025024414,61.19392013549805,243.265625,0
succeeded,Google Pixel 9 Pro Fold,gpu_cpu,High tier,2024,16,35,Google Tensor G4,731.5170288085938,97.53600311279297,38.99103927612305,524.62109375,0.9922480620155039
succeeded,Google Pixel 9 Pro XL,cpu,High tier,2024,16,35,Google Tensor G4,120.20500183105469,112.66300201416016,59.33110046386719,243.15234375,0
succeeded,Google Pixel 9 Pro XL,gpu_cpu,High tier,2024,16,35,Google Tensor G4,772.5260009765625,98.87300109863281,40.257999420166016,524.5078125,0.9922480620155039
succeeded,Google Pixel 9a,cpu,High tier,2025,8,35,Google Tensor G4,94.96399688720703,142.04100036621094,63.414520263671875,242.39453125,0
succeeded,Google Pixel 9a,gpu_cpu,High tier,2025,8,35,Google Tensor G4,1208.177978515625,95.1500015258789,39.20948028564453,521.765625,0.9922480620155039
succeeded,Google Pixel Fold,cpu,High tier,2023,12,34,Google Tensor G2,104.00700378417969,115.96700286865234,52.785579681396484,242.49609375,0
succeeded,Google Pixel Fold,gpu_cpu,High tier,2023,12,34,Google Tensor G2,920.3319702148438,84.26000213623047,53.09122085571289,512.0703125,0.9922480620155039
succeeded,Google Pixel Tablet,cpu,High tier,2023,8,33,Google Tensor G2,113.03299713134766,100.06999969482422,55.15876007080078,242.08203125,0
succeeded,Google Pixel Tablet,gpu_cpu,High tier,2023,8,33,Google Tensor G2,1153.98095703125,117.89700317382812,55.34775924682617,514.73828125,0.9922480620155039
Failed to get result,Huawei Mate 9,cpu,Low tier,2016,4,24,HiSilicon Kirin 960,0,0,0,0,0
Failed to get result,Huawei Mate 9,gpu_cpu,Low tier,2016,4,24,HiSilicon Kirin 960,0,0,0,0,0
succeeded,Lenovo Tab P11,cpu,Low tier,2021,4,30,Qualcomm Snapdragon 662,308.11700439453125,316.29901123046875,276.0326843261719,237.171875,0
succeeded,Lenovo Tab P11,gpu_cpu,Low tier,2021,4,30,Qualcomm Snapdragon 662,2892.077880859375,435.00299072265625,430.1416320800781,456.51171875,0.9922480620155039
succeeded,Lenovo Tab P12,cpu,High tier,2023,4,35,MediaTek Dimensity 7050,146.52200317382812,167.6320037841797,141.09532165527344,242.58203125,0
succeeded,Lenovo Tab P12,gpu_cpu,High tier,2023,4,35,MediaTek Dimensity 7050,1644.719970703125,120.49800109863281,125.93460083007812,524.2109375,0.9922480620155039
succeeded,LGE VELVET,cpu,Mid tier,2020,6,31,Snapdragon 765G,188.59800720214844,218.69400024414062,176.96583557128906,244.36328125,0
succeeded,LGE VELVET,gpu_cpu,Mid tier,2020,6,31,Snapdragon 765G,2081.02197265625,112.36100006103516,96.6236572265625,460.140625,0.9922480620155039
succeeded,Motorola edge 30,cpu,Mid tier,2022,6,34,Qualcomm Snapdragon 778G+ 5G,101.33999633789062,97.62999725341797,80.59883880615234,243.51171875,0
succeeded,Motorola edge 30,gpu_cpu,Mid tier,2022,6,34,Qualcomm Snapdragon 778G+ 5G,1670.4610595703125,84.0199966430664,72.82219696044922,459.48046875,0.9922480620155039
succeeded,Motorola moto g 5G (2022),cpu,Low tier,2022,4,33,MediaTek Dimensity 700,206.27099609375,195.98699951171875,136.7687225341797,242.80078125,0
succeeded,Motorola moto g 5G (2022),gpu_cpu,Low tier,2022,4,33,MediaTek Dimensity 700,2174.114013671875,308.2760009765625,243.28213500976562,505.24609375,0.9922480620155039
succeeded,Motorola moto g play - 2024,cpu,Mid tier,2024,4,34,Qualcomm Snapdragon 680 4G,246.19200134277344,240.26100158691406,209.98121643066406,243,0
Failed to get result,Motorola moto g play - 2024,gpu_cpu,Mid tier,2024,4,34,Qualcomm Snapdragon 680 4G,0,0,0,0,0
succeeded,Motorola Moto G20,cpu,Low tier,2021,4,30,Unisoc T700,266.21600341796875,270.5979919433594,236.2687530517578,236.38671875,0
succeeded,Motorola Moto G20,gpu_cpu,Low tier,2021,4,30,Unisoc T700,2885.780029296875,571.4110107421875,275.4508056640625,497.48828125,0.9922480620155039
succeeded,Motorola Moto G30,cpu,Low tier,2021,4,31,Qualcomm Snapdragon 662,334.75201416015625,302.3999938964844,270.42889404296875,244.12890625,0
succeeded,Motorola Moto G30,gpu_cpu,Low tier,2021,4,31,Qualcomm Snapdragon 662,3629.72900390625,428.9219970703125,426.21661376953125,457.98828125,0.9922480620155039
succeeded,Motorola moto g54 5G,cpu,Mid tier,2023,4,34,MediaTek Dimensity 7020,114.5770034790039,181.49600219726562,158.76043701171875,242.41796875,0
succeeded,Motorola moto g54 5G,gpu_cpu,Mid tier,2023,4,34,MediaTek Dimensity 7020,1938.376953125,219.906005859375,221.36683654785156,374.75390625,0.9922480620155039
succeeded,Motorola razr plus 2024,cpu,High tier,2024,8,34,Qualcomm Snapdragon 8s Gen 3,223.1219940185547,131.01800537109375,76.40531921386719,243.0078125,0
succeeded,Motorola razr plus 2024,gpu_cpu,High tier,2024,8,34,Qualcomm Snapdragon 8s Gen 3,987.8259887695312,35.659000396728516,29.108179092407227,448.16796875,0.9922480620155039
succeeded,OnePlus 10T 5G,cpu,Mid tier,2022,12,34,Qualcomm Snapdragon 8+ Gen 1,132.41000366210938,122.16000366210938,125.49585723876953,243.7578125,0
succeeded,OnePlus 10T 5G,gpu_cpu,Mid tier,2022,12,34,Qualcomm Snapdragon 8+ Gen 1,1595.77099609375,38.11199951171875,30.661399841308594,444.27734375,0.9922480620155039
succeeded,OnePlus 11 5G,cpu,High tier,2023,8,34,Qualcomm Snapdragon 8 Gen 2,77.73400115966797,64.17500305175781,61.94593811035156,249.26171875,0
succeeded,OnePlus 11 5G,gpu_cpu,High tier,2023,8,34,Qualcomm Snapdragon 8 Gen 2,1121.27294921875,40.92499923706055,28.994319915771484,449.90234375,0.9922480620155039
succeeded,OnePlus Nord CE 2 Lite 5G,cpu,Mid tier,2022,8,34,Qualcomm Snapdragon 695,109.34100341796875,161.96600341796875,140.33131408691406,243.01953125,0
succeeded,OnePlus Nord CE 2 Lite 5G,gpu_cpu,Mid tier,2022,8,34,Qualcomm Snapdragon 695,1936.72705078125,141.69400024414062,135.06732177734375,459.3984375,0.9922480620155039
succeeded,OnePlus Nord CE 2 Lite 5G,cpu,Mid tier,2022,8,34,Qualcomm Snapdragon 695,111.52300262451172,173.21299743652344,141.6721954345703,243.25390625,0
succeeded,OnePlus Nord CE 2 Lite 5G,gpu_cpu,Mid tier,2022,8,34,Qualcomm Snapdragon 695,1932.4820556640625,142.72799682617188,136.0623779296875,459.6328125,0.9922480620155039
succeeded,OnePlus Nord CE 3 Lite 5G,cpu,High tier,2023,8,34,Qualcomm Snapdragon 695,116.26599884033203,157.46600341796875,145.79364013671875,243.5234375,0
succeeded,OnePlus Nord CE 3 Lite 5G,gpu_cpu,High tier,2023,8,34,Qualcomm Snapdragon 695,2053.136962890625,149.61700439453125,133.80836486816406,456.1875,0.9922480620155039
succeeded,OnePlus Nord2 5G,cpu,Mid tier,2021,12,33,MediaTek Dimensity 1200 AI,127.51699829101562,171.5590057373047,128.1509246826172,240.78515625,0
succeeded,OnePlus Nord2 5G,gpu_cpu,Mid tier,2021,12,33,MediaTek Dimensity 1200 AI,1989.5980224609375,135.58399963378906,86.63301849365234,499.46875,0.9922480620155039
succeeded,OnePlus OnePlus6T,cpu,Mid tier,2018,8,29,Qualcomm Snapdragon 845,193.98300170898438,162.04200744628906,131.51220703125,236.23828125,0
succeeded,OnePlus OnePlus6T,gpu_cpu,Mid tier,2018,8,29,Qualcomm Snapdragon 845,1772.198974609375,73.71399688720703,69.16295623779297,452.30859375,0.9922480620155039
succeeded,Oppo A53,cpu,Low tier,2020,4,31,Qualcomm Snapdragon 460,402.99798583984375,389.697998046875,323.4754943847656,236.78515625,0
succeeded,Oppo A53,gpu_cpu,Low tier,2020,4,31,Qualcomm Snapdragon 460,3611.839111328125,555.9089965820312,550.403564453125,453.34375,0.9922480620155039
succeeded,Oppo A79 5G,cpu,Mid tier,2023,4,34,MediaTek Dimensity 6020,177.343994140625,350.8680114746094,140.7707977294922,241.5859375,0
succeeded,Oppo A79 5G,gpu_cpu,Mid tier,2023,4,34,MediaTek Dimensity 6020,2267.825927734375,233.47000122070312,189.01983642578125,494.9375,0.9922480620155039
succeeded,Samsung Galaxy A03s,cpu,Low tier,2021,3,33,MediaTek Helio P35,812.6240234375,568.5850219726562,425.8020324707031,234.03515625,0
succeeded,Samsung Galaxy A03s,gpu_cpu,Low tier,2021,3,33,MediaTek Helio P35,8737.62109375,411.5849914550781,420.7620544433594,348.29296875,0.9922480620155039
succeeded,Samsung Galaxy A12,cpu,Low tier,2020,3,31,MediaTek Helio P35,793.2310180664062,483.8810119628906,426.3907470703125,233.8203125,0
succeeded,Samsung Galaxy A12,gpu_cpu,Low tier,2020,3,31,MediaTek Helio P35,9161.8466796875,461.8659973144531,409.37103271484375,348.04296875,0.9922480620155039
succeeded,Samsung Galaxy A14 5G,cpu,Mid tier,2023,4,34,Dimensity 700,191.67100524902344,263.4949951171875,149.09231567382812,234.44140625,0
succeeded,Samsung Galaxy A14 5G,gpu_cpu,Mid tier,2023,4,34,Dimensity 700,1838.7989501953125,265.1189880371094,187.54527282714844,472.2578125,0.9922480620155039
succeeded,Samsung Galaxy A15,cpu,Mid tier,2023,4,34,Helio G99,179.44000244140625,187.45899963378906,174.97528076171875,240.7578125,0
succeeded,Samsung Galaxy A15,gpu_cpu,Mid tier,2023,4,34,Helio G99,2026.33203125,239.7830047607422,187.9468536376953,493.45703125,0.9922480620155039
succeeded,Samsung Galaxy A15 5G,cpu,Mid tier,2023,4,34,Dimensity 6100+,214.6540069580078,211.8070068359375,159.83592224121094,234.421875,0
Failed to get result,Samsung Galaxy A15 5G,gpu_cpu,Mid tier,2023,4,34,Dimensity 6100+,0,0,0,0,0
succeeded,Samsung Galaxy A16 5G,cpu,Mid tier,2024,4,34,Exynos 1330,148.9429931640625,223.73699951171875,145.99244689941406,234.4453125,0
succeeded,Samsung Galaxy A16 5G,gpu_cpu,Mid tier,2024,4,34,Exynos 1330,1744.8050537109375,230.38499450683594,167.25042724609375,470.75,0.9922480620155039
succeeded,Samsung Galaxy A25 5G,cpu,Mid tier,2023,6,34,Exynos 1280,147.92599487304688,200.56700134277344,179.99313354492188,234.41015625,0
succeeded,Samsung Galaxy A25 5G,gpu_cpu,Mid tier,2023,6,34,Exynos 1280,1276.531982421875,180.42599487304688,101.70433807373047,472.8515625,0.9922480620155039
succeeded,Samsung Galaxy A35 5G,cpu,Mid tier,2024,6,34,Exynos 1380,122.54100036621094,113.47799682617188,106.56668090820312,240.73828125,0
succeeded,Samsung Galaxy A35 5G,gpu_cpu,Mid tier,2024,6,34,Exynos 1380,1394.2159423828125,134.96800231933594,92.81314086914062,498.24609375,0.9922480620155039
succeeded,Samsung Galaxy A51,cpu,Low tier,2019,4,31,Exynos 9611,315.6099853515625,321.3819885253906,292.09381103515625,234.25390625,0
succeeded,Samsung Galaxy A51,gpu_cpu,Low tier,2019,4,31,Exynos 9611,2346.60791015625,222.33700561523438,208.4942169189453,466.32421875,0.9922480620155039
succeeded,Samsung Galaxy A52s 5G,cpu,Mid tier,2021,6,34,Qualcomm Snapdragon 778G 5G,125.05400085449219,104.12699890136719,82.08760070800781,234.734375,0
succeeded,Samsung Galaxy A52s 5G,gpu_cpu,Mid tier,2021,6,34,Qualcomm Snapdragon 778G 5G,1705.2900390625,91.56099700927734,84.63314056396484,437.51171875,0.9922480620155039
succeeded,Samsung Galaxy A54 5G,cpu,Mid tier,2023,6,34,Exynos 1380,111.10199737548828,99.51599884033203,88.08186340332031,240.6796875,0
succeeded,Samsung Galaxy A54 5G,gpu_cpu,Mid tier,2023,6,34,Exynos 1380,1596.0169677734375,100.11799621582031,97.88568115234375,498.0625,0.9922480620155039
succeeded,Samsung Galaxy Note9 (Global),cpu,Mid tier,2018,6,29,Exynos 9810,173.12399291992188,138.37899780273438,85.76297760009766,242.203125,0
succeeded,Samsung Galaxy Note9 (Global),gpu_cpu,Mid tier,2018,6,29,Exynos 9810,1771.6829833984375,130.76600646972656,89.34867858886719,520.7578125,0.9922480620155039
succeeded,Samsung Galaxy Note9 (USA/China/LATAM),cpu,Mid tier,2018,6,29,Snapdragon 845,203.11300659179688,165.72799682617188,139.95880126953125,236.8359375,0
succeeded,Samsung Galaxy Note9 (USA/China/LATAM),gpu_cpu,Mid tier,2018,6,29,Snapdragon 845,1875.9930419921875,73.06700134277344,69.05371856689453,452.62109375,0.9922480620155039
succeeded,Samsung Galaxy S21 5G,cpu,Mid tier,2021,8,34,Snapdragon 888,81.01200103759766,96.6510009765625,68.52047729492188,243.94140625,0
succeeded,Samsung Galaxy S21 5G,gpu_cpu,Mid tier,2021,8,34,Snapdragon 888,978.1389770507812,42.64099884033203,38.029541015625,458.49609375,0.9922480620155039
succeeded,Samsung Galaxy S21 Ultra 5G,cpu,Mid tier,2021,12,34,Snapdragon 888,73.59300231933594,92.48400115966797,68.46568298339844,243.84375,0
succeeded,Samsung Galaxy S21 Ultra 5G,gpu_cpu,Mid tier,2021,12,34,Snapdragon 888,976.572021484375,42.590999603271484,37.60683822631836,458.7421875,0.9922480620155039
succeeded,Samsung Galaxy S21+ 5G,cpu,Mid tier,2021,8,34,Snapdragon 888,78.41500091552734,85.46399688720703,67.68006134033203,243.33203125,0
succeeded,Samsung Galaxy S21+ 5G,gpu_cpu,Mid tier,2021,8,34,Snapdragon 888,1013.93701171875,41.683998107910156,38.04151916503906,456.796875,0.9922480620155039
succeeded,Samsung Galaxy S22,cpu,Mid tier,2022,8,34,Snapdragon 8 Gen 1,117.61399841308594,166.8780059814453,142.73719787597656,241.3671875,0
succeeded,Samsung Galaxy S22,gpu_cpu,Mid tier,2022,8,34,Snapdragon 8 Gen 1,1802.45703125,38.42300033569336,31.943180084228516,442.97265625,0.9922480620155039
succeeded,Samsung Galaxy S22 Ultra,cpu,Mid tier,2022,8,33,Snapdragon 8 Gen 1,119.23600006103516,166.1300048828125,142.7751007080078,241.01171875,0
succeeded,Samsung Galaxy S22 Ultra,gpu_cpu,Mid tier,2022,8,33,Snapdragon 8 Gen 1,1470.0689697265625,38.18299865722656,31.666919708251953,449.8671875,0.9922480620155039
succeeded,Samsung Galaxy S22+ (Europe),cpu,Mid tier,2022,8,34,Exynos 2200,155.68800354003906,165.36700439453125,141.81190490722656,241.33203125,0
succeeded,Samsung Galaxy S22+ (Europe),gpu_cpu,Mid tier,2022,8,34,Exynos 2200,1710.052001953125,38.77000045776367,31.383880615234375,441.80078125,0.9922480620155039
succeeded,Samsung Galaxy S23 FE (USA),cpu,High tier,2023,8,34,Snapdragon 8 Gen 1,138.67100524902344,183.7480010986328,143.95248413085938,241.45703125,0
succeeded,Samsung Galaxy S23 FE (USA),gpu_cpu,High tier,2023,8,34,Snapdragon 8 Gen 1,1691.1070556640625,37.47700119018555,31.64042091369629,442.98046875,0.9922480620155039
succeeded,Samsung Galaxy S23 Ultra (Global),cpu,High tier,2023,8,34,Qualcomm Snapdragon 8 Gen 2 for Galaxy,82.03199768066406,65.68099975585938,47.9989013671875,241.14453125,0
succeeded,Samsung Galaxy S23 Ultra (Global),gpu_cpu,High tier,2023,8,34,Qualcomm Snapdragon 8 Gen 2 for Galaxy,882.5689697265625,38.15999984741211,29.745319366455078,439.2265625,0.9922480620155039
succeeded,Samsung Galaxy S23 Ultra (USA),cpu,High tier,2023,8,34,Qualcomm Snapdragon 8 Gen 2 for Galaxy,76.73500061035156,67.76300048828125,48.70001983642578,241.1171875,0
succeeded,Samsung Galaxy S23 Ultra (USA),gpu_cpu,High tier,2023,8,34,Qualcomm Snapdragon 8 Gen 2 for Galaxy,970.323974609375,37.00400161743164,28.703819274902344,439.03515625,0.9922480620155039
succeeded,Samsung Galaxy S23+,cpu,High tier,2023,8,34,Qualcomm Snapdragon 8 Gen 2 for Galaxy,83.09700012207031,67.22000122070312,50.58742141723633,241.12109375,0
succeeded,Samsung Galaxy S23+,gpu_cpu,High tier,2023,8,34,Qualcomm Snapdragon 8 Gen 2 for Galaxy,999.6799926757812,33.2130012512207,28.312320709228516,438.73828125,0.9922480620155039
succeeded,Samsung Galaxy S24,cpu,High tier,2024,8,34,Qualcomm Snapdragon 8 Gen 3 for Galaxy,75.34500122070312,64.85199737548828,69.65174102783203,241.4921875,0
succeeded,Samsung Galaxy S24,gpu_cpu,High tier,2024,8,34,Qualcomm Snapdragon 8 Gen 3 for Galaxy,863.1729736328125,22.719999313354492,18.757295608520508,441.41796875,0.9922480620155039
succeeded,Samsung Galaxy S24 Ultra,cpu,High tier,2024,12,34,Qualcomm Snapdragon 8 Gen 3 for Galaxy,81.5479965209961,57.50299835205078,74.9587631225586,241.78515625,0
succeeded,Samsung Galaxy S24 Ultra,gpu_cpu,High tier,2024,12,34,Qualcomm Snapdragon 8 Gen 3 for Galaxy,596.4539794921875,26.18600082397461,17.47557830810547,441.2734375,0.9922480620155039
succeeded,Samsung Galaxy S9,cpu,Low tier,2018,4,29,Exynos 9810,182.9459991455078,226.87100219726562,89.67848205566406,242.734375,0
succeeded,Samsung Galaxy S9,gpu_cpu,Low tier,2018,4,29,Exynos 9810,1858.1319580078125,130.20599365234375,94.89446258544922,518.5234375,0.9922480620155039
succeeded,Samsung Galaxy Tab A7 Lite,cpu,Low tier,2021,3,34,MediaTek Helio P22T (MT8768T),797.5189819335938,571.0079956054688,432.912353515625,234.37890625,0
succeeded,Samsung Galaxy Tab A7 Lite,gpu_cpu,Low tier,2021,3,34,MediaTek Helio P22T (MT8768T),8796.828125,410.0459899902344,423.9781494140625,346.97265625,0.9922480620155039
succeeded,Samsung Galaxy Tab A8,cpu,Low tier,2022,3,34,Unisoc Tiger T618,212.1790008544922,243.4499969482422,230.01268005371094,237.68359375,0
succeeded,Samsung Galaxy Tab A8,gpu_cpu,Low tier,2022,3,34,Unisoc Tiger T618,2886.35693359375,386.135986328125,273.2537536621094,493.5078125,0.9922480620155039
succeeded,Samsung Galaxy Tab A9+,cpu,Low tier,2023,4,34,Qualcomm Snapdragon 695 5G,138.12399291992188,159.93800354003906,151.53114318847656,234.6875,0
succeeded,Samsung Galaxy Tab A9+,gpu_cpu,Low tier,2023,4,34,Qualcomm Snapdragon 695 5G,1674.176025390625,145.67799377441406,131.89767456054688,435.625,0.9922480620155039
succeeded,Samsung Galaxy Tab S3,cpu,High tier,2017,4,28,Qualcomm Snapdragon 820,301.385009765625,344.7770080566406,353.7181701660156,240.85546875,0
succeeded,Samsung Galaxy Tab S3,gpu_cpu,High tier,2017,4,28,Qualcomm Snapdragon 820,5226.53515625,221.88999938964844,213.68600463867188,442.83203125,0.9922480620155039
succeeded,Samsung Galaxy Tab S7 FE 5G,cpu,High tier,2021,4,34,Snapdragon 750G 5G,133.7740020751953,193.91700744628906,148.99472045898438,234.578125,0
succeeded,Samsung Galaxy Tab S7 FE 5G,gpu_cpu,High tier,2021,4,34,Snapdragon 750G 5G,2002.916015625,147.96299743652344,144.20693969726562,435.5,0.9922480620155039
succeeded,Samsung Galaxy Tab S8,cpu,High tier,2022,8,34,Qualcomm Snapdragon 8 Gen 1,113.63899993896484,162.3679962158203,142.31784057617188,241.1796875,0
succeeded,Samsung Galaxy Tab S8,gpu_cpu,High tier,2022,8,34,Qualcomm Snapdragon 8 Gen 1,1415.7850341796875,37.68899917602539,31.91897964477539,440.671875,0.9922480620155039
succeeded,Samsung Galaxy Tab S8 Ultra,cpu,High tier,2022,8,33,Qualcomm Snapdragon 8 Gen 1,120.66000366210938,158.3040008544922,142.86761474609375,241.0234375,0
succeeded,Samsung Galaxy Tab S8 Ultra,gpu_cpu,High tier,2022,8,33,Qualcomm Snapdragon 8 Gen 1,1520.862060546875,37.1349983215332,32.27592086791992,448.734375,0.9922480620155039
succeeded,Samsung Galaxy Tab S9,cpu,High tier,2023,8,34,Qualcomm Snapdragon 8 Gen 2 for Galaxy,83.5459976196289,67.30500030517578,51.07204055786133,240.8125,0
succeeded,Samsung Galaxy Tab S9,gpu_cpu,High tier,2023,8,34,Qualcomm Snapdragon 8 Gen 2 for Galaxy,905.2119750976562,37.04899978637695,28.18195915222168,438.78515625,0.9922480620155039
succeeded,Samsung Galaxy Tab S9 FE 5G,cpu,Low tier,2023,6,34,Exynos 1380,116.21600341796875,120.1050033569336,109.7267837524414,240.6015625,0
succeeded,Samsung Galaxy Tab S9 FE 5G,gpu_cpu,Low tier,2023,6,34,Exynos 1380,1294.4720458984375,105.53500366210938,91.50202178955078,501.11328125,0.9922480620155039
succeeded,Samsung Galaxy XCover Pro,cpu,Low tier,2020,4,33,Exynos 9611,306.8680114746094,325.2969970703125,327.0272521972656,234.20703125,0
succeeded,Samsung Galaxy XCover Pro,gpu_cpu,Low tier,2020,4,33,Exynos 9611,2604.10400390625,229.25999450683594,217.4010009765625,469.91015625,0.9922480620155039
succeeded,Samsung Galaxy XCover7,cpu,Mid tier,2024,6,34,Mediatek Dimensity 6100+,199.8280029296875,185.29200744628906,171.0761260986328,240.90625,0
Failed to get result,Samsung Galaxy XCover7,gpu_cpu,Mid tier,2024,6,34,Mediatek Dimensity 6100+,0,0,0,0,0
succeeded,Samsung Galaxy Z Flip4,cpu,Mid tier,2022,8,33,Qualcomm Snapdragon 8+ Gen 1,108.98200225830078,137.7830047607422,130.1123046875,241.19140625,0
succeeded,Samsung Galaxy Z Flip4,gpu_cpu,Mid tier,2022,8,33,Qualcomm Snapdragon 8+ Gen 1,1494.4820556640625,36.395999908447266,30.64118003845215,441.7578125,0.9922480620155039
succeeded,Samsung Galaxy Z Flip5,cpu,High tier,2023,8,34,Qualcomm Snapdragon 8 Gen 2 for Galaxy,85.05500030517578,63.15599822998047,47.73081970214844,240.82421875,0
succeeded,Samsung Galaxy Z Flip5,gpu_cpu,High tier,2023,8,34,Qualcomm Snapdragon 8 Gen 2 for Galaxy,1082.0419921875,36.6619987487793,28.33884048461914,438.6640625,0.9922480620155039
succeeded,Samsung Galaxy Z Flip6,cpu,High tier,2024,12,34,Qualcomm Snapdragon 8 Gen 3 for Galaxy,82.71399688720703,86.44100189208984,71.21057891845703,241.94921875,0
succeeded,Samsung Galaxy Z Flip6,gpu_cpu,High tier,2024,12,34,Qualcomm Snapdragon 8 Gen 3 for Galaxy,607.2630004882812,18.452999114990234,17.27324104309082,441.203125,0.9922480620155039
succeeded,Samsung Galaxy Z Fold2 5G,cpu,Mid tier,2020,12,30,Qualcomm Snapdragon 865+,94.02300262451172,117.81199645996094,70.6768569946289,242.5625,0
succeeded,Samsung Galaxy Z Fold2 5G,gpu_cpu,Mid tier,2020,12,30,Qualcomm Snapdragon 865+,975.0750122070312,62.347999572753906,56.28927993774414,451.6953125,0.9922480620155039
succeeded,Samsung Galaxy Z Fold4,cpu,Mid tier,2022,12,33,Qualcomm Snapdragon 8+ Gen 1,106.26899719238281,139.8179931640625,129.64364624023438,241.01171875,0
succeeded,Samsung Galaxy Z Fold4,gpu_cpu,Mid tier,2022,12,33,Qualcomm Snapdragon 8+ Gen 1,1316.2010498046875,37.49599838256836,30.604339599609375,438.8359375,0.9922480620155039
succeeded,Samsung Galaxy Z Fold5,cpu,High tier,2023,12,34,Qualcomm Snapdragon 8 Gen 2 for Galaxy,80.63800048828125,64.83000183105469,49.588558197021484,241.05859375,0
succeeded,Samsung Galaxy Z Fold5,gpu_cpu,High tier,2023,12,34,Qualcomm Snapdragon 8 Gen 2 for Galaxy,732.0170288085938,37.11899948120117,28.500139236450195,439.34765625,0.9922480620155039
succeeded,Samsung Galaxy Z Fold6,cpu,High tier,2024,12,34,Qualcomm Snapdragon 8 Gen 3 for Galaxy,78.93900299072266,66.04100036621094,73.3267822265625,241.68359375,0
succeeded,Samsung Galaxy Z Fold6,gpu_cpu,High tier,2024,12,34,Qualcomm Snapdragon 8 Gen 3 for Galaxy,597.9840087890625,24.113000869750977,17.653526306152344,440.82421875,0.9922480620155039
succeeded,Sharp AQUOS sense2 SH-01L,cpu,Low tier,2018,3,28,Qualcomm Snapdragon 450,695.0029907226562,451.9230041503906,409.94964599609375,235.2109375,0
succeeded,Sharp AQUOS sense2 SH-01L,gpu_cpu,Low tier,2018,3,28,Qualcomm Snapdragon 450,9688.0947265625,913.2080078125,900.458740234375,446.3671875,0.9922480620155039
succeeded,Sony Xperia 1 V,cpu,High tier,2023,12,34,Qualcomm Snapdragon 8 Gen 2,93.20600128173828,68.8239974975586,48.75988006591797,243.81640625,0
succeeded,Sony Xperia 1 V,gpu_cpu,High tier,2023,12,34,Qualcomm Snapdragon 8 Gen 2,740.677978515625,44.30400085449219,29.5975399017334,448.15625,0.9922480620155039
succeeded,Sony Xperia 10 II,cpu,Low tier,2020,4,31,Qualcomm Snapdragon 665,335.7030029296875,342.7829895019531,266.3147277832031,237.765625,0
succeeded,Sony Xperia 10 II,gpu_cpu,Low tier,2020,4,31,Qualcomm Snapdragon 665,3415.302001953125,414.1619873046875,407.21490478515625,458.50390625,0.9922480620155039
succeeded,Sony Xperia 10 V,cpu,Mid tier,2023,6,34,Qualcomm Snapdragon 695 5G,116.5459976196289,203.84300231933594,189.4927978515625,242.83203125,0
succeeded,Sony Xperia 10 V,gpu_cpu,Mid tier,2023,6,34,Qualcomm Snapdragon 695 5G,2143.43896484375,142.85800170898438,130.8348846435547,462.4375,0.9922480620155039
succeeded,Sony Xperia XZ1 Compact,cpu,Low tier,2017,4,26,Qualcomm Snapdragon 835,261.1659851074219,241.052001953125,212.9500732421875,232.52734375,0
succeeded,Sony Xperia XZ1 Compact,gpu_cpu,Low tier,2017,4,26,Qualcomm Snapdragon 835,3240.554931640625,176.7899932861328,173.37225341796875,432.55078125,0.9922480620155039
succeeded,Vivo 1906,cpu,Low tier,2019,3,28,Qualcomm Snapdragon 439,775.2940063476562,507.302001953125,467.4251708984375,235.40625,0
succeeded,Vivo 1906,gpu_cpu,Low tier,2019,3,28,Qualcomm Snapdragon 439,10050.9482421875,937.8980102539062,933.9395751953125,452.171875,0.9922480620155039
succeeded,Vivo V1818CA,cpu,Low tier,2019,3,27,MediaTek Helio P22 (MT6762R),741.60400390625,506.58099365234375,482.0362243652344,240.1015625,0
succeeded,Vivo V1818CA,gpu_cpu,Low tier,2019,3,27,MediaTek Helio P22 (MT6762R),16819.0703125,387.2359924316406,348.0551452636719,352.703125,0.9922480620155039
succeeded,Xiaomi Mi A2 Lite,cpu,Low tier,2018,4,29,Qualcomm Snapdragon 625,626.5999755859375,407.5140075683594,373.58148193359375,233.24609375,0
succeeded,Xiaomi Mi A2 Lite,gpu_cpu,Low tier,2018,4,29,Qualcomm Snapdragon 625,8300.078125,869.343017578125,866.8399047851562,435.4296875,0.9922480620155039
succeeded,Zebra Technologies TC77,cpu,Low tier,2018,4,27,Qualcomm Snapdragon 660,276.2090148925781,284.0929870605469,255.03216552734375,232.40625,0
succeeded,Zebra Technologies TC77,gpu_cpu,Low tier,2018,4,27,Qualcomm Snapdragon 660,4050.01806640625,374.69000244140625,372.5115661621094,432.6328125,0.9922480620155039